object_id,scene_id,object_type,current_asset_reference,asset_source,ownership_status,release_status,replacement_required,dimensions,layer,z_index,notes
scene.autoplay.panel.root,autoplay.panel,autoplay_panel,02_reference_assets/authorized_raw/playwright_20260510T094437Z/iteration_3/1309_1.23.0_assets_default_common_atlas_misc.atlas,scaffold_reference,scaffold_internal_only,blocked_from_release,true,0.5x0.58,modal,200,Autoplay panel placeholder; execution not observed. Supplemental scaffold preview/reference mapped; blocked from release.
scene.autoplay.panel.start_button,scene.autoplay,autoplay_start,02_reference_assets/authorized_raw/playwright_20260510T094437Z/iteration_3/1309_1.23.0_assets_default_common_atlas_misc.atlas,scaffold_reference,scaffold_internal_only,blocked_from_release,true,0.16x0.08,modal_controls,220,Autoplay start placeholder; runtime safety rules pending. Supplemental scaffold preview/reference mapped; blocked from release.
scene.base.background,scene.base,background,02_reference_assets/authorized_raw/playwright_20260510T094437Z/iteration_3/1309_1.23.0_assets_default_common_atlas_background.jpg,scaffold_reference,scaffold_internal_only,blocked_from_release,true,1x1,background,0,Original gangster/street background pending. Supplemental scaffold preview/reference mapped; blocked from release.
scene.base.cluster_highlight_layer,scene.base,cluster_highlight_layer,placeholder://scene.base.cluster_highlight_layer,placeholder,placeholder,pending_replacement,true,0.64x0.58,win_highlights,80,Overlay layer for connected-cluster win highlights.
scene.base.grid.cell.c1.r1,scene.base.grid,grid_cell,02_reference_assets/authorized_raw/playwright_20260510T094437Z/iteration_3/1309_1.23.0_assets_default_common_atlas_misc.atlas,scaffold_reference,scaffold_internal_only,blocked_from_release,true,0.10667x0.116,grid_cells,50,"Base-game grid cell column 1, row 1. Stable 6x5 target cell. Supplemental scaffold preview/reference mapped; blocked from release."
scene.base.grid.cell.c1.r2,scene.base.grid,grid_cell,02_reference_assets/authorized_raw/playwright_20260510T094437Z/iteration_3/1309_1.23.0_assets_default_common_atlas_misc.atlas,scaffold_reference,scaffold_internal_only,blocked_from_release,true,0.10667x0.116,grid_cells,50,"Base-game grid cell column 1, row 2. Stable 6x5 target cell. Supplemental scaffold preview/reference mapped; blocked from release."
scene.base.grid.cell.c1.r3,scene.base.grid,grid_cell,02_reference_assets/authorized_raw/playwright_20260510T094437Z/iteration_3/1309_1.23.0_assets_default_common_atlas_misc.atlas,scaffold_reference,scaffold_internal_only,blocked_from_release,true,0.10667x0.116,grid_cells,50,"Base-game grid cell column 1, row 3. Stable 6x5 target cell. Supplemental scaffold preview/reference mapped; blocked from release."
scene.base.grid.cell.c1.r4,scene.base.grid,grid_cell,02_reference_assets/authorized_raw/playwright_20260510T094437Z/iteration_3/1309_1.23.0_assets_default_common_atlas_misc.atlas,scaffold_reference,scaffold_internal_only,blocked_from_release,true,0.10667x0.116,grid_cells,50,"Base-game grid cell column 1, row 4. Stable 6x5 target cell. Supplemental scaffold preview/reference mapped; blocked from release."
scene.base.grid.cell.c1.r5,scene.base.grid,grid_cell,02_reference_assets/authorized_raw/playwright_20260510T094437Z/iteration_3/1309_1.23.0_assets_default_common_atlas_misc.atlas,scaffold_reference,scaffold_internal_only,blocked_from_release,true,0.10667x0.116,grid_cells,50,"Base-game grid cell column 1, row 5. Stable 6x5 target cell. Supplemental scaffold preview/reference mapped; blocked from release."
scene.base.grid.cell.c2.r1,scene.base.grid,grid_cell,02_reference_assets/authorized_raw/playwright_20260510T094437Z/iteration_3/1309_1.23.0_assets_default_common_atlas_misc.atlas,scaffold_reference,scaffold_internal_only,blocked_from_release,true,0.10667x0.116,grid_cells,50,"Base-game grid cell column 2, row 1. Stable 6x5 target cell. Supplemental scaffold preview/reference mapped; blocked from release."
scene.base.grid.cell.c2.r2,scene.base.grid,grid_cell,02_reference_assets/authorized_raw/playwright_20260510T094437Z/iteration_3/1309_1.23.0_assets_default_common_atlas_misc.atlas,scaffold_reference,scaffold_internal_only,blocked_from_release,true,0.10667x0.116,grid_cells,50,"Base-game grid cell column 2, row 2. Stable 6x5 target cell. Supplemental scaffold preview/reference mapped; blocked from release."
scene.base.grid.cell.c2.r3,scene.base.grid,grid_cell,02_reference_assets/authorized_raw/playwright_20260510T094437Z/iteration_3/1309_1.23.0_assets_default_common_atlas_misc.atlas,scaffold_reference,scaffold_internal_only,blocked_from_release,true,0.10667x0.116,grid_cells,50,"Base-game grid cell column 2, row 3. Stable 6x5 target cell. Supplemental scaffold preview/reference mapped; blocked from release."
scene.base.grid.cell.c2.r4,scene.base.grid,grid_cell,02_reference_assets/authorized_raw/playwright_20260510T094437Z/iteration_3/1309_1.23.0_assets_default_common_atlas_misc.atlas,scaffold_reference,scaffold_internal_only,blocked_from_release,true,0.10667x0.116,grid_cells,50,"Base-game grid cell column 2, row 4. Stable 6x5 target cell. Supplemental scaffold preview/reference mapped; blocked from release."
scene.base.grid.cell.c2.r5,scene.base.grid,grid_cell,02_reference_assets/authorized_raw/playwright_20260510T094437Z/iteration_3/1309_1.23.0_assets_default_common_atlas_misc.atlas,scaffold_reference,scaffold_internal_only,blocked_from_release,true,0.10667x0.116,grid_cells,50,"Base-game grid cell column 2, row 5. Stable 6x5 target cell. Supplemental scaffold preview/reference mapped; blocked from release."
scene.base.grid.cell.c3.r1,scene.base.grid,grid_cell,02_reference_assets/authorized_raw/playwright_20260510T094437Z/iteration_3/1309_1.23.0_assets_default_common_atlas_misc.atlas,scaffold_reference,scaffold_internal_only,blocked_from_release,true,0.10667x0.116,grid_cells,50,"Base-game grid cell column 3, row 1. Stable 6x5 target cell. Supplemental scaffold preview/reference mapped; blocked from release."
scene.base.grid.cell.c3.r2,scene.base.grid,grid_cell,02_reference_assets/authorized_raw/playwright_20260510T094437Z/iteration_3/1309_1.23.0_assets_default_common_atlas_misc.atlas,scaffold_reference,scaffold_internal_only,blocked_from_release,true,0.10667x0.116,grid_cells,50,"Base-game grid cell column 3, row 2. Stable 6x5 target cell. Supplemental scaffold preview/reference mapped; blocked from release."
scene.base.grid.cell.c3.r3,scene.base.grid,grid_cell,02_reference_assets/authorized_raw/playwright_20260510T094437Z/iteration_3/1309_1.23.0_assets_default_common_atlas_misc.atlas,scaffold_reference,scaffold_internal_only,blocked_from_release,true,0.10667x0.116,grid_cells,50,"Base-game grid cell column 3, row 3. Stable 6x5 target cell. Supplemental scaffold preview/reference mapped; blocked from release."
scene.base.grid.cell.c3.r4,scene.base.grid,grid_cell,02_reference_assets/authorized_raw/playwright_20260510T094437Z/iteration_3/1309_1.23.0_assets_default_common_atlas_misc.atlas,scaffold_reference,scaffold_internal_only,blocked_from_release,true,0.10667x0.116,grid_cells,50,"Base-game grid cell column 3, row 4. Stable 6x5 target cell. Supplemental scaffold preview/reference mapped; blocked from release."
scene.base.grid.cell.c3.r5,scene.base.grid,grid_cell,02_reference_assets/authorized_raw/playwright_20260510T094437Z/iteration_3/1309_1.23.0_assets_default_common_atlas_misc.atlas,scaffold_reference,scaffold_internal_only,blocked_from_release,true,0.10667x0.116,grid_cells,50,"Base-game grid cell column 3, row 5. Stable 6x5 target cell. Supplemental scaffold preview/reference mapped; blocked from release."
scene.base.grid.cell.c4.r1,scene.base.grid,grid_cell,02_reference_assets/authorized_raw/playwright_20260510T094437Z/iteration_3/1309_1.23.0_assets_default_common_atlas_misc.atlas,scaffold_reference,scaffold_internal_only,blocked_from_release,true,0.10667x0.116,grid_cells,50,"Base-game grid cell column 4, row 1. Stable 6x5 target cell. Supplemental scaffold preview/reference mapped; blocked from release."
scene.base.grid.cell.c4.r2,scene.base.grid,grid_cell,02_reference_assets/authorized_raw/playwright_20260510T094437Z/iteration_3/1309_1.23.0_assets_default_common_atlas_misc.atlas,scaffold_reference,scaffold_internal_only,blocked_from_release,true,0.10667x0.116,grid_cells,50,"Base-game grid cell column 4, row 2. Stable 6x5 target cell. Supplemental scaffold preview/reference mapped; blocked from release."
scene.base.grid.cell.c4.r3,scene.base.grid,grid_cell,02_reference_assets/authorized_raw/playwright_20260510T094437Z/iteration_3/1309_1.23.0_assets_default_common_atlas_misc.atlas,scaffold_reference,scaffold_internal_only,blocked_from_release,true,0.10667x0.116,grid_cells,50,"Base-game grid cell column 4, row 3. Stable 6x5 target cell. Supplemental scaffold preview/reference mapped; blocked from release."
scene.base.grid.cell.c4.r4,scene.base.grid,grid_cell,02_reference_assets/authorized_raw/playwright_20260510T094437Z/iteration_3/1309_1.23.0_assets_default_common_atlas_misc.atlas,scaffold_reference,scaffold_internal_only,blocked_from_release,true,0.10667x0.116,grid_cells,50,"Base-game grid cell column 4, row 4. Stable 6x5 target cell. Supplemental scaffold preview/reference mapped; blocked from release."
scene.base.grid.cell.c4.r5,scene.base.grid,grid_cell,02_reference_assets/authorized_raw/playwright_20260510T094437Z/iteration_3/1309_1.23.0_assets_default_common_atlas_misc.atlas,scaffold_reference,scaffold_internal_only,blocked_from_release,true,0.10667x0.116,grid_cells,50,"Base-game grid cell column 4, row 5. Stable 6x5 target cell. Supplemental scaffold preview/reference mapped; blocked from release."
scene.base.grid.cell.c5.r1,scene.base.grid,grid_cell,02_reference_assets/authorized_raw/playwright_20260510T094437Z/iteration_3/1309_1.23.0_assets_default_common_atlas_misc.atlas,scaffold_reference,scaffold_internal_only,blocked_from_release,true,0.10667x0.116,grid_cells,50,"Base-game grid cell column 5, row 1. Stable 6x5 target cell. Supplemental scaffold preview/reference mapped; blocked from release."
scene.base.grid.cell.c5.r2,scene.base.grid,grid_cell,02_reference_assets/authorized_raw/playwright_20260510T094437Z/iteration_3/1309_1.23.0_assets_default_common_atlas_misc.atlas,scaffold_reference,scaffold_internal_only,blocked_from_release,true,0.10667x0.116,grid_cells,50,"Base-game grid cell column 5, row 2. Stable 6x5 target cell. Supplemental scaffold preview/reference mapped; blocked from release."
scene.base.grid.cell.c5.r3,scene.base.grid,grid_cell,02_reference_assets/authorized_raw/playwright_20260510T094437Z/iteration_3/1309_1.23.0_assets_default_common_atlas_misc.atlas,scaffold_reference,scaffold_internal_only,blocked_from_release,true,0.10667x0.116,grid_cells,50,"Base-game grid cell column 5, row 3. Stable 6x5 target cell. Supplemental scaffold preview/reference mapped; blocked from release."
scene.base.grid.cell.c5.r4,scene.base.grid,grid_cell,02_reference_assets/authorized_raw/playwright_20260510T094437Z/iteration_3/1309_1.23.0_assets_default_common_atlas_misc.atlas,scaffold_reference,scaffold_internal_only,blocked_from_release,true,0.10667x0.116,grid_cells,50,"Base-game grid cell column 5, row 4. Stable 6x5 target cell. Supplemental scaffold preview/reference mapped; blocked from release."
scene.base.grid.cell.c5.r5,scene.base.grid,grid_cell,02_reference_assets/authorized_raw/playwright_20260510T094437Z/iteration_3/1309_1.23.0_assets_default_common_atlas_misc.atlas,scaffold_reference,scaffold_internal_only,blocked_from_release,true,0.10667x0.116,grid_cells,50,"Base-game grid cell column 5, row 5. Stable 6x5 target cell. Supplemental scaffold preview/reference mapped; blocked from release."
scene.base.grid.cell.c6.r1,scene.base.grid,grid_cell,02_reference_assets/authorized_raw/playwright_20260510T094437Z/iteration_3/1309_1.23.0_assets_default_common_atlas_misc.atlas,scaffold_reference,scaffold_internal_only,blocked_from_release,true,0.10667x0.116,grid_cells,50,"Base-game grid cell column 6, row 1. Stable 6x5 target cell. Supplemental scaffold preview/reference mapped; blocked from release."
scene.base.grid.cell.c6.r2,scene.base.grid,grid_cell,02_reference_assets/authorized_raw/playwright_20260510T094437Z/iteration_3/1309_1.23.0_assets_default_common_atlas_misc.atlas,scaffold_reference,scaffold_internal_only,blocked_from_release,true,0.10667x0.116,grid_cells,50,"Base-game grid cell column 6, row 2. Stable 6x5 target cell. Supplemental scaffold preview/reference mapped; blocked from release."
scene.base.grid.cell.c6.r3,scene.base.grid,grid_cell,02_reference_assets/authorized_raw/playwright_20260510T094437Z/iteration_3/1309_1.23.0_assets_default_common_atlas_misc.atlas,scaffold_reference,scaffold_internal_only,blocked_from_release,true,0.10667x0.116,grid_cells,50,"Base-game grid cell column 6, row 3. Stable 6x5 target cell. Supplemental scaffold preview/reference mapped; blocked from release."
scene.base.grid.cell.c6.r4,scene.base.grid,grid_cell,02_reference_assets/authorized_raw/playwright_20260510T094437Z/iteration_3/1309_1.23.0_assets_default_common_atlas_misc.atlas,scaffold_reference,scaffold_internal_only,blocked_from_release,true,0.10667x0.116,grid_cells,50,"Base-game grid cell column 6, row 4. Stable 6x5 target cell. Supplemental scaffold preview/reference mapped; blocked from release."
scene.base.grid.cell.c6.r5,scene.base.grid,grid_cell,02_reference_assets/authorized_raw/playwright_20260510T094437Z/iteration_3/1309_1.23.0_assets_default_common_atlas_misc.atlas,scaffold_reference,scaffold_internal_only,blocked_from_release,true,0.10667x0.116,grid_cells,50,"Base-game grid cell column 6, row 5. Stable 6x5 target cell. Supplemental scaffold preview/reference mapped; blocked from release."
scene.base.grid.container,scene.base,6x5_grid_container,02_reference_assets/authorized_raw/playwright_20260510T094437Z/iteration_3/1309_1.23.0_assets_default_common_atlas_misc.atlas,scaffold_reference,scaffold_internal_only,blocked_from_release,true,0.64x0.58,grid_frame,40,Selected v0.2 6x5 cluster grid container. Supplemental scaffold preview/reference mapped; blocked from release.
scene.base.logo,scene.base,logo,02_reference_assets/authorized_raw/playwright_20260510T094437Z/iteration_3/1309_1.23.0_assets_default_common_atlas_logos.atlas,scaffold_reference,scaffold_internal_only,blocked_from_release,true,0.28x0.08,foreground,20,Logo placement placeholder. Supplemental scaffold preview/reference mapped; blocked from release.
scene.base.panel.autoplay_button,scene.base,autoplay_button,02_reference_assets/authorized_raw/playwright_20260510T094437Z/iteration_3/1309_1.23.0_assets_default_common_atlas_misc.atlas,scaffold_reference,scaffold_internal_only,blocked_from_release,true,0.055x0.08,ui_controls,135,Autoplay entry placeholder; execution not observed. Supplemental scaffold preview/reference mapped; blocked from release.
scene.base.panel.balance_display,scene.base,balance_display_placeholder,02_reference_assets/authorized_raw/playwright_20260510T094437Z/iteration_3/1309_1.23.0_assets_default_common_atlas_digits_countup.atlas,scaffold_reference,scaffold_internal_only,blocked_from_release,true,0.15x0.06,ui_panel,120,"Display-only balance area. Wallet/accounting owned by GS/wallet, not browser math. Supplemental scaffold preview/reference mapped; blocked from release."
scene.base.panel.bet_decrease,scene.base,bet_stepper,02_reference_assets/authorized_raw/playwright_20260510T094437Z/iteration_3/1309_1.23.0_assets_default_common_atlas_misc.atlas,scaffold_reference,scaffold_internal_only,blocked_from_release,true,0.03x0.06,ui_controls,125,Bet decrease control placeholder. Supplemental scaffold preview/reference mapped; blocked from release.
scene.base.panel.bet_display,scene.base,bet_display,02_reference_assets/authorized_raw/playwright_20260510T094437Z/iteration_3/1309_1.23.0_assets_default_common_atlas_digits_countup.atlas,scaffold_reference,scaffold_internal_only,blocked_from_release,true,0.12x0.06,ui_panel,121,Bet display uses validated runtime bet state. Supplemental scaffold preview/reference mapped; blocked from release.
scene.base.panel.bet_increase,scene.base,bet_stepper,02_reference_assets/authorized_raw/playwright_20260510T094437Z/iteration_3/1309_1.23.0_assets_default_common_atlas_misc.atlas,scaffold_reference,scaffold_internal_only,blocked_from_release,true,0.03x0.06,ui_controls,126,Bet increase control placeholder. Supplemental scaffold preview/reference mapped; blocked from release.
scene.base.panel.buy_feature_button,scene.base,buy_feature_button,02_reference_assets/authorized_raw/playwright_20260510T094437Z/iteration_1/1309_1.23.0_ui_images_promotion_button.png,scaffold_reference,scaffold_internal_only,blocked_from_release,true,0.11x0.13,ui_controls,132,Bonus buy entry button. Feature is provisional and requires product/math review. Supplemental scaffold preview/reference mapped; blocked from release.
scene.base.panel.menu_button,scene.base,menu_button,02_reference_assets/authorized_raw/playwright_20260510T094437Z/iteration_3/1309_1.23.0_assets_default_common_atlas_misc.atlas,scaffold_reference,scaffold_internal_only,blocked_from_release,true,0.055x0.08,ui_controls,133,Menu/settings entry placeholder. Supplemental scaffold preview/reference mapped; blocked from release.
scene.base.panel.root,scene.base,control_panel,02_reference_assets/authorized_raw/playwright_20260510T094437Z/iteration_3/1309_1.23.0_assets_default_common_atlas_misc.atlas,scaffold_reference,scaffold_internal_only,blocked_from_release,true,0.88x0.18,ui_panel,100,Bottom control panel placeholder. Supplemental scaffold preview/reference mapped; blocked from release.
scene.base.panel.sound_toggle,scene.base,sound_toggle,02_reference_assets/authorized_raw/playwright_20260510T094437Z/iteration_3/1309_1.23.0_assets_default_common_sound_click.mp4,scaffold_reference,scaffold_internal_only,blocked_from_release,true,0.055x0.07,ui_controls,134,Sound toggle placeholder. Supplemental scaffold preview/reference mapped; blocked from release.
scene.base.panel.spin_button,scene.base,spin_button,02_reference_assets/authorized_raw/playwright_20260510T094437Z/iteration_3/1309_1.23.0_assets_default_common_atlas_misc.atlas,scaffold_reference,scaffold_internal_only,blocked_from_release,true,0.1x0.13,ui_controls,130,Main spin button placeholder. Enabled by runtime state only. Supplemental scaffold preview/reference mapped; blocked from release.
scene.base.panel.stop_button,scene.base,stop_button_optional,02_reference_assets/authorized_raw/playwright_20260510T094437Z/iteration_3/1309_1.23.0_assets_default_common_atlas_misc.atlas,scaffold_reference,scaffold_internal_only,blocked_from_release,true,0.07x0.11,ui_controls,131,Optional stop/quick-stop button placeholder; final behavior pending runtime UX. Supplemental scaffold preview/reference mapped; blocked from release.
scene.base.panel.turbo_toggle,scene.base,turbo_toggle,02_reference_assets/authorized_raw/playwright_20260510T094437Z/iteration_3/1309_1.23.0_assets_default_common_atlas_misc.atlas,scaffold_reference,scaffold_internal_only,blocked_from_release,true,0.055x0.07,ui_controls,136,"Turbo toggle placeholder; labels observed, behavior not tested. Supplemental scaffold preview/reference mapped; blocked from release."
scene.base.symbol.ace.idle,scene.base.symbols,symbol,02_reference_assets/authorized_raw/playwright_20260510T094437Z/iteration_3/1309_1.23.0_assets_default_common_atlas_symbols.atlas,scaffold_reference,scaffold_internal_only,blocked_from_release,true,0.10667x0.116,symbols,60,ACE idle art/animation placeholder. Original replacement required. Supplemental scaffold preview/reference mapped; blocked from release.
scene.base.symbol.ace.win,scene.base.symbols,symbol,02_reference_assets/authorized_raw/playwright_20260510T094437Z/iteration_3/1309_1.23.0_assets_default_common_atlas_symbols.atlas,scaffold_reference,scaffold_internal_only,blocked_from_release,true,0.10667x0.116,symbols,60,ACE win art/animation placeholder. Original replacement required. Supplemental scaffold preview/reference mapped; blocked from release.
scene.base.symbol.jack.idle,scene.base.symbols,symbol,02_reference_assets/authorized_raw/playwright_20260510T094437Z/iteration_3/1309_1.23.0_assets_default_common_atlas_symbols.atlas,scaffold_reference,scaffold_internal_only,blocked_from_release,true,0.10667x0.116,symbols,60,JACK idle art/animation placeholder. Original replacement required. Supplemental scaffold preview/reference mapped; blocked from release.
scene.base.symbol.jack.win,scene.base.symbols,symbol,02_reference_assets/authorized_raw/playwright_20260510T094437Z/iteration_3/1309_1.23.0_assets_default_common_atlas_symbols.atlas,scaffold_reference,scaffold_internal_only,blocked_from_release,true,0.10667x0.116,symbols,60,JACK win art/animation placeholder. Original replacement required. Supplemental scaffold preview/reference mapped; blocked from release.
scene.base.symbol.king.idle,scene.base.symbols,symbol,02_reference_assets/authorized_raw/playwright_20260510T094437Z/iteration_3/1309_1.23.0_assets_default_common_atlas_symbols.atlas,scaffold_reference,scaffold_internal_only,blocked_from_release,true,0.10667x0.116,symbols,60,KING idle art/animation placeholder. Original replacement required. Supplemental scaffold preview/reference mapped; blocked from release.
scene.base.symbol.king.win,scene.base.symbols,symbol,02_reference_assets/authorized_raw/playwright_20260510T094437Z/iteration_3/1309_1.23.0_assets_default_common_atlas_symbols.atlas,scaffold_reference,scaffold_internal_only,blocked_from_release,true,0.10667x0.116,symbols,60,KING win art/animation placeholder. Original replacement required. Supplemental scaffold preview/reference mapped; blocked from release.
scene.base.symbol.lg_scatter.idle,scene.base.symbols,scatter,02_reference_assets/authorized_raw/playwright_20260510T094437Z/iteration_3/1309_1.23.0_assets_default_common_spine_special.json,scaffold_reference,scaffold_internal_only,blocked_from_release,true,0.10667x0.116,symbols,60,LG_SCATTER idle art/animation placeholder. Original replacement required. Supplemental scaffold preview/reference mapped; blocked from release.
scene.base.symbol.lg_scatter.win,scene.base.symbols,scatter,02_reference_assets/authorized_raw/playwright_20260510T094437Z/iteration_3/1309_1.23.0_assets_default_common_spine_special.json,scaffold_reference,scaffold_internal_only,blocked_from_release,true,0.10667x0.116,symbols,60,LG_SCATTER win art/animation placeholder. Original replacement required. Supplemental scaffold preview/reference mapped; blocked from release.
scene.base.symbol.lg_wild.idle,scene.base.symbols,wild,02_reference_assets/authorized_raw/playwright_20260510T094437Z/iteration_3/1309_1.23.0_assets_default_common_spine_wild.json,scaffold_reference,scaffold_internal_only,blocked_from_release,true,0.10667x0.116,symbols,60,LG_WILD idle art/animation placeholder. Original replacement required. Supplemental scaffold preview/reference mapped; blocked from release.
scene.base.symbol.lg_wild.win,scene.base.symbols,wild,02_reference_assets/authorized_raw/playwright_20260510T094437Z/iteration_3/1309_1.23.0_assets_default_common_spine_wild.json,scaffold_reference,scaffold_internal_only,blocked_from_release,true,0.10667x0.116,symbols,60,LG_WILD win art/animation placeholder. Original replacement required. Supplemental scaffold preview/reference mapped; blocked from release.
scene.base.symbol.lookout.idle,scene.base.symbols,symbol,02_reference_assets/authorized_raw/playwright_20260510T094437Z/iteration_3/1309_1.23.0_assets_default_common_atlas_symbols.atlas,scaffold_reference,scaffold_internal_only,blocked_from_release,true,0.10667x0.116,symbols,60,LOOKOUT idle art/animation placeholder. Original replacement required. Supplemental scaffold preview/reference mapped; blocked from release.
scene.base.symbol.lookout.win,scene.base.symbols,symbol,02_reference_assets/authorized_raw/playwright_20260510T094437Z/iteration_3/1309_1.23.0_assets_default_common_atlas_symbols.atlas,scaffold_reference,scaffold_internal_only,blocked_from_release,true,0.10667x0.116,symbols,60,LOOKOUT win art/animation placeholder. Original replacement required. Supplemental scaffold preview/reference mapped; blocked from release.
scene.base.symbol.queen.idle,scene.base.symbols,symbol,02_reference_assets/authorized_raw/playwright_20260510T094437Z/iteration_3/1309_1.23.0_assets_default_common_atlas_symbols.atlas,scaffold_reference,scaffold_internal_only,blocked_from_release,true,0.10667x0.116,symbols,60,QUEEN idle art/animation placeholder. Original replacement required. Supplemental scaffold preview/reference mapped; blocked from release.
scene.base.symbol.queen.win,scene.base.symbols,symbol,02_reference_assets/authorized_raw/playwright_20260510T094437Z/iteration_3/1309_1.23.0_assets_default_common_atlas_symbols.atlas,scaffold_reference,scaffold_internal_only,blocked_from_release,true,0.10667x0.116,symbols,60,QUEEN win art/animation placeholder. Original replacement required. Supplemental scaffold preview/reference mapped; blocked from release.
scene.base.symbol.runner.idle,scene.base.symbols,symbol,02_reference_assets/authorized_raw/playwright_20260510T094437Z/iteration_3/1309_1.23.0_assets_default_common_atlas_symbols.atlas,scaffold_reference,scaffold_internal_only,blocked_from_release,true,0.10667x0.116,symbols,60,RUNNER idle art/animation placeholder. Original replacement required. Supplemental scaffold preview/reference mapped; blocked from release.
scene.base.symbol.runner.win,scene.base.symbols,symbol,02_reference_assets/authorized_raw/playwright_20260510T094437Z/iteration_3/1309_1.23.0_assets_default_common_atlas_symbols.atlas,scaffold_reference,scaffold_internal_only,blocked_from_release,true,0.10667x0.116,symbols,60,RUNNER win art/animation placeholder. Original replacement required. Supplemental scaffold preview/reference mapped; blocked from release.
scene.base.symbol.safe_cracker.idle,scene.base.symbols,symbol,02_reference_assets/authorized_raw/playwright_20260510T094437Z/iteration_3/1309_1.23.0_assets_default_common_atlas_symbols.atlas,scaffold_reference,scaffold_internal_only,blocked_from_release,true,0.10667x0.116,symbols,60,SAFE_CRACKER idle art/animation placeholder. Original replacement required. Supplemental scaffold preview/reference mapped; blocked from release.
scene.base.symbol.safe_cracker.win,scene.base.symbols,symbol,02_reference_assets/authorized_raw/playwright_20260510T094437Z/iteration_3/1309_1.23.0_assets_default_common_atlas_symbols.atlas,scaffold_reference,scaffold_internal_only,blocked_from_release,true,0.10667x0.116,symbols,60,SAFE_CRACKER win art/animation placeholder. Original replacement required. Supplemental scaffold preview/reference mapped; blocked from release.
scene.base.symbol.ten.idle,scene.base.symbols,symbol,02_reference_assets/authorized_raw/playwright_20260510T094437Z/iteration_3/1309_1.23.0_assets_default_common_atlas_symbols.atlas,scaffold_reference,scaffold_internal_only,blocked_from_release,true,0.10667x0.116,symbols,60,TEN idle art/animation placeholder. Original replacement required. Supplemental scaffold preview/reference mapped; blocked from release.
scene.base.symbol.ten.win,scene.base.symbols,symbol,02_reference_assets/authorized_raw/playwright_20260510T094437Z/iteration_3/1309_1.23.0_assets_default_common_atlas_symbols.atlas,scaffold_reference,scaffold_internal_only,blocked_from_release,true,0.10667x0.116,symbols,60,TEN win art/animation placeholder. Original replacement required. Supplemental scaffold preview/reference mapped; blocked from release.
scene.base.symbol.top_boss.idle,scene.base.symbols,symbol,02_reference_assets/authorized_raw/playwright_20260510T094437Z/iteration_3/1309_1.23.0_assets_default_common_atlas_symbols.atlas,scaffold_reference,scaffold_internal_only,blocked_from_release,true,0.10667x0.116,symbols,60,TOP_BOSS idle art/animation placeholder. Original replacement required. Supplemental scaffold preview/reference mapped; blocked from release.
scene.base.symbol.top_boss.win,scene.base.symbols,symbol,02_reference_assets/authorized_raw/playwright_20260510T094437Z/iteration_3/1309_1.23.0_assets_default_common_atlas_symbols.atlas,scaffold_reference,scaffold_internal_only,blocked_from_release,true,0.10667x0.116,symbols,60,TOP_BOSS win art/animation placeholder. Original replacement required. Supplemental scaffold preview/reference mapped; blocked from release.
scene.base.win_amount,scene.base,win_amount_display,02_reference_assets/authorized_raw/playwright_20260510T094437Z/iteration_3/1309_1.23.0_assets_default_common_atlas_digits_countup.atlas,scaffold_reference,scaffold_internal_only,blocked_from_release,true,0.16x0.05,ui_overlay,150,Win amount display driven by backend-authored result totalWin. Supplemental scaffold preview/reference mapped; blocked from release.
scene.bet_panel.max_button,scene.bet_panel,bet_button,02_reference_assets/authorized_raw/playwright_20260510T094437Z/iteration_3/1309_1.23.0_assets_default_common_atlas_misc.atlas,scaffold_reference,scaffold_internal_only,blocked_from_release,true,0.1x0.08,modal_controls,221,High/max bet selection placeholder. Supplemental scaffold preview/reference mapped; blocked from release.
scene.bet_panel.min_button,scene.bet_panel,bet_button,02_reference_assets/authorized_raw/playwright_20260510T094437Z/iteration_3/1309_1.23.0_assets_default_common_atlas_misc.atlas,scaffold_reference,scaffold_internal_only,blocked_from_release,true,0.1x0.08,modal_controls,220,Minimum/low bet selection placeholder. Supplemental scaffold preview/reference mapped; blocked from release.
scene.bet_panel.modal.root,bet.panel,bet_panel,02_reference_assets/authorized_raw/playwright_20260510T094437Z/iteration_3/1309_1.23.0_assets_default_common_atlas_misc.atlas,scaffold_reference,scaffold_internal_only,blocked_from_release,true,0.5x0.58,modal,200,Bet selection panel placeholder. Supplemental scaffold preview/reference mapped; blocked from release.
scene.big_win.counter.amount,scene.big_win,big_win_counter,02_reference_assets/authorized_raw/playwright_20260510T094437Z/iteration_3/1309_1.23.0_assets_default_common_spine_win_tiers.json,scaffold_reference,scaffold_internal_only,blocked_from_release,true,0.4x0.14,feature_overlay,230,Big win counter amount display. Supplemental scaffold preview/reference mapped; blocked from release.
scene.big_win.overlay.root,big.win.scene,big_win_overlay,02_reference_assets/authorized_raw/playwright_20260510T094437Z/iteration_3/1309_1.23.0_assets_default_common_spine_win_tiers.json,scaffold_reference,scaffold_internal_only,blocked_from_release,true,0.5x0.58,modal,200,Big/mega/epic win overlay placeholder. Thresholds pending product tuning. Supplemental scaffold preview/reference mapped; blocked from release.
scene.bonus_buy.panel.buy_button,scene.bonus_buy.panel,buy_button,02_reference_assets/authorized_raw/playwright_20260510T094437Z/iteration_1/1309_1.23.0_ui_images_promotion_button.png,scaffold_reference,scaffold_internal_only,blocked_from_release,true,0.16x0.08,modal_controls,220,Confirm buy button placeholder; must be disabled until backend validates feature buy. Supplemental scaffold preview/reference mapped; blocked from release.
scene.bonus_buy.panel.root,bonus.buy.panel,bonus_buy_panel,02_reference_assets/authorized_raw/playwright_20260510T094437Z/iteration_1/1309_1.23.0_ui_images_promotion_button.png,scaffold_reference,scaffold_internal_only,blocked_from_release,true,0.5x0.58,modal,200,Bonus buy modal placeholder. Feature in scope but EV/pricing pending. Supplemental scaffold preview/reference mapped; blocked from release.
scene.double_up.modal.root,double.up.placeholder,double_up_placeholder,02_reference_assets/authorized_raw/playwright_20260510T094437Z/iteration_3/1309_1.23.0_assets_default_common_atlas_misc.atlas,scaffold_reference,scaffold_internal_only,blocked_from_release,true,0.5x0.58,modal,200,Double-up/gamble placeholder pending product decision. Supplemental scaffold preview/reference mapped; blocked from release.
scene.error.modal.message,scene.error,error_message,02_reference_assets/authorized_raw/playwright_20260510T094437Z/iteration_3/1309_1.23.0_assets_default_common_atlas_misc.atlas,scaffold_reference,scaffold_internal_only,blocked_from_release,true,0.38x0.12,modal_text,230,Error message text area placeholder. Supplemental scaffold preview/reference mapped; blocked from release.
scene.error.modal.root,error.modal,error_modal,02_reference_assets/authorized_raw/playwright_20260510T094437Z/iteration_3/1309_1.23.0_assets_default_common_atlas_misc.atlas,scaffold_reference,scaffold_internal_only,blocked_from_release,true,0.5x0.58,modal,200,Error modal placeholder for runtime/wallet/client errors. Supplemental scaffold preview/reference mapped; blocked from release.
scene.free_spins.active.background,scene.free_spins.active,background,02_reference_assets/authorized_raw/playwright_20260510T094437Z/iteration_3/1309_1.23.0_assets_default_common_atlas_background.jpg,scaffold_reference,scaffold_internal_only,blocked_from_release,true,1x1,background,0,Free-spins active background placeholder. Original art required. Supplemental scaffold preview/reference mapped; blocked from release.
scene.free_spins.active.title,scene.free_spins.active,title,02_reference_assets/authorized_raw/playwright_20260510T094437Z/iteration_3/1309_1.23.0_assets_default_common_atlas_logos.atlas,scaffold_reference,scaffold_internal_only,blocked_from_release,true,0.44x0.1,feature_overlay,110,Free-spins active title/banner placeholder. Supplemental scaffold preview/reference mapped; blocked from release.
scene.free_spins.counter.remaining,scene.free_spins.active,free_spin_counter,02_reference_assets/authorized_raw/playwright_20260510T094437Z/iteration_3/1309_1.23.0_assets_default_common_spine_fs.json,scaffold_reference,scaffold_internal_only,blocked_from_release,true,0.2x0.06,ui_overlay,140,Free spins remaining counter. Supplemental scaffold preview/reference mapped; blocked from release.
scene.free_spins.grid.cell.c1.r1,scene.free_spins.grid,grid_cell,02_reference_assets/authorized_raw/playwright_20260510T094437Z/iteration_3/1309_1.23.0_assets_default_common_atlas_misc.atlas,scaffold_reference,scaffold_internal_only,blocked_from_release,true,0.10667x0.116,grid_cells,50,"Free-spins grid cell column 1, row 1. Stable 6x5 target cell. Supplemental scaffold preview/reference mapped; blocked from release."
scene.free_spins.grid.cell.c1.r2,scene.free_spins.grid,grid_cell,02_reference_assets/authorized_raw/playwright_20260510T094437Z/iteration_3/1309_1.23.0_assets_default_common_atlas_misc.atlas,scaffold_reference,scaffold_internal_only,blocked_from_release,true,0.10667x0.116,grid_cells,50,"Free-spins grid cell column 1, row 2. Stable 6x5 target cell. Supplemental scaffold preview/reference mapped; blocked from release."
scene.free_spins.grid.cell.c1.r3,scene.free_spins.grid,grid_cell,02_reference_assets/authorized_raw/playwright_20260510T094437Z/iteration_3/1309_1.23.0_assets_default_common_atlas_misc.atlas,scaffold_reference,scaffold_internal_only,blocked_from_release,true,0.10667x0.116,grid_cells,50,"Free-spins grid cell column 1, row 3. Stable 6x5 target cell. Supplemental scaffold preview/reference mapped; blocked from release."
scene.free_spins.grid.cell.c1.r4,scene.free_spins.grid,grid_cell,02_reference_assets/authorized_raw/playwright_20260510T094437Z/iteration_3/1309_1.23.0_assets_default_common_atlas_misc.atlas,scaffold_reference,scaffold_internal_only,blocked_from_release,true,0.10667x0.116,grid_cells,50,"Free-spins grid cell column 1, row 4. Stable 6x5 target cell. Supplemental scaffold preview/reference mapped; blocked from release."
scene.free_spins.grid.cell.c1.r5,scene.free_spins.grid,grid_cell,02_reference_assets/authorized_raw/playwright_20260510T094437Z/iteration_3/1309_1.23.0_assets_default_common_atlas_misc.atlas,scaffold_reference,scaffold_internal_only,blocked_from_release,true,0.10667x0.116,grid_cells,50,"Free-spins grid cell column 1, row 5. Stable 6x5 target cell. Supplemental scaffold preview/reference mapped; blocked from release."
scene.free_spins.grid.cell.c2.r1,scene.free_spins.grid,grid_cell,02_reference_assets/authorized_raw/playwright_20260510T094437Z/iteration_3/1309_1.23.0_assets_default_common_atlas_misc.atlas,scaffold_reference,scaffold_internal_only,blocked_from_release,true,0.10667x0.116,grid_cells,50,"Free-spins grid cell column 2, row 1. Stable 6x5 target cell. Supplemental scaffold preview/reference mapped; blocked from release."
scene.free_spins.grid.cell.c2.r2,scene.free_spins.grid,grid_cell,02_reference_assets/authorized_raw/playwright_20260510T094437Z/iteration_3/1309_1.23.0_assets_default_common_atlas_misc.atlas,scaffold_reference,scaffold_internal_only,blocked_from_release,true,0.10667x0.116,grid_cells,50,"Free-spins grid cell column 2, row 2. Stable 6x5 target cell. Supplemental scaffold preview/reference mapped; blocked from release."
scene.free_spins.grid.cell.c2.r3,scene.free_spins.grid,grid_cell,02_reference_assets/authorized_raw/playwright_20260510T094437Z/iteration_3/1309_1.23.0_assets_default_common_atlas_misc.atlas,scaffold_reference,scaffold_internal_only,blocked_from_release,true,0.10667x0.116,grid_cells,50,"Free-spins grid cell column 2, row 3. Stable 6x5 target cell. Supplemental scaffold preview/reference mapped; blocked from release."
scene.free_spins.grid.cell.c2.r4,scene.free_spins.grid,grid_cell,02_reference_assets/authorized_raw/playwright_20260510T094437Z/iteration_3/1309_1.23.0_assets_default_common_atlas_misc.atlas,scaffold_reference,scaffold_internal_only,blocked_from_release,true,0.10667x0.116,grid_cells,50,"Free-spins grid cell column 2, row 4. Stable 6x5 target cell. Supplemental scaffold preview/reference mapped; blocked from release."
scene.free_spins.grid.cell.c2.r5,scene.free_spins.grid,grid_cell,02_reference_assets/authorized_raw/playwright_20260510T094437Z/iteration_3/1309_1.23.0_assets_default_common_atlas_misc.atlas,scaffold_reference,scaffold_internal_only,blocked_from_release,true,0.10667x0.116,grid_cells,50,"Free-spins grid cell column 2, row 5. Stable 6x5 target cell. Supplemental scaffold preview/reference mapped; blocked from release."
scene.free_spins.grid.cell.c3.r1,scene.free_spins.grid,grid_cell,02_reference_assets/authorized_raw/playwright_20260510T094437Z/iteration_3/1309_1.23.0_assets_default_common_atlas_misc.atlas,scaffold_reference,scaffold_internal_only,blocked_from_release,true,0.10667x0.116,grid_cells,50,"Free-spins grid cell column 3, row 1. Stable 6x5 target cell. Supplemental scaffold preview/reference mapped; blocked from release."
scene.free_spins.grid.cell.c3.r2,scene.free_spins.grid,grid_cell,02_reference_assets/authorized_raw/playwright_20260510T094437Z/iteration_3/1309_1.23.0_assets_default_common_atlas_misc.atlas,scaffold_reference,scaffold_internal_only,blocked_from_release,true,0.10667x0.116,grid_cells,50,"Free-spins grid cell column 3, row 2. Stable 6x5 target cell. Supplemental scaffold preview/reference mapped; blocked from release."
scene.free_spins.grid.cell.c3.r3,scene.free_spins.grid,grid_cell,02_reference_assets/authorized_raw/playwright_20260510T094437Z/iteration_3/1309_1.23.0_assets_default_common_atlas_misc.atlas,scaffold_reference,scaffold_internal_only,blocked_from_release,true,0.10667x0.116,grid_cells,50,"Free-spins grid cell column 3, row 3. Stable 6x5 target cell. Supplemental scaffold preview/reference mapped; blocked from release."
scene.free_spins.grid.cell.c3.r4,scene.free_spins.grid,grid_cell,02_reference_assets/authorized_raw/playwright_20260510T094437Z/iteration_3/1309_1.23.0_assets_default_common_atlas_misc.atlas,scaffold_reference,scaffold_internal_only,blocked_from_release,true,0.10667x0.116,grid_cells,50,"Free-spins grid cell column 3, row 4. Stable 6x5 target cell. Supplemental scaffold preview/reference mapped; blocked from release."
scene.free_spins.grid.cell.c3.r5,scene.free_spins.grid,grid_cell,02_reference_assets/authorized_raw/playwright_20260510T094437Z/iteration_3/1309_1.23.0_assets_default_common_atlas_misc.atlas,scaffold_reference,scaffold_internal_only,blocked_from_release,true,0.10667x0.116,grid_cells,50,"Free-spins grid cell column 3, row 5. Stable 6x5 target cell. Supplemental scaffold preview/reference mapped; blocked from release."
scene.free_spins.grid.cell.c4.r1,scene.free_spins.grid,grid_cell,02_reference_assets/authorized_raw/playwright_20260510T094437Z/iteration_3/1309_1.23.0_assets_default_common_atlas_misc.atlas,scaffold_reference,scaffold_internal_only,blocked_from_release,true,0.10667x0.116,grid_cells,50,"Free-spins grid cell column 4, row 1. Stable 6x5 target cell. Supplemental scaffold preview/reference mapped; blocked from release."
scene.free_spins.grid.cell.c4.r2,scene.free_spins.grid,grid_cell,02_reference_assets/authorized_raw/playwright_20260510T094437Z/iteration_3/1309_1.23.0_assets_default_common_atlas_misc.atlas,scaffold_reference,scaffold_internal_only,blocked_from_release,true,0.10667x0.116,grid_cells,50,"Free-spins grid cell column 4, row 2. Stable 6x5 target cell. Supplemental scaffold preview/reference mapped; blocked from release."
scene.free_spins.grid.cell.c4.r3,scene.free_spins.grid,grid_cell,02_reference_assets/authorized_raw/playwright_20260510T094437Z/iteration_3/1309_1.23.0_assets_default_common_atlas_misc.atlas,scaffold_reference,scaffold_internal_only,blocked_from_release,true,0.10667x0.116,grid_cells,50,"Free-spins grid cell column 4, row 3. Stable 6x5 target cell. Supplemental scaffold preview/reference mapped; blocked from release."
scene.free_spins.grid.cell.c4.r4,scene.free_spins.grid,grid_cell,02_reference_assets/authorized_raw/playwright_20260510T094437Z/iteration_3/1309_1.23.0_assets_default_common_atlas_misc.atlas,scaffold_reference,scaffold_internal_only,blocked_from_release,true,0.10667x0.116,grid_cells,50,"Free-spins grid cell column 4, row 4. Stable 6x5 target cell. Supplemental scaffold preview/reference mapped; blocked from release."
scene.free_spins.grid.cell.c4.r5,scene.free_spins.grid,grid_cell,02_reference_assets/authorized_raw/playwright_20260510T094437Z/iteration_3/1309_1.23.0_assets_default_common_atlas_misc.atlas,scaffold_reference,scaffold_internal_only,blocked_from_release,true,0.10667x0.116,grid_cells,50,"Free-spins grid cell column 4, row 5. Stable 6x5 target cell. Supplemental scaffold preview/reference mapped; blocked from release."
scene.free_spins.grid.cell.c5.r1,scene.free_spins.grid,grid_cell,02_reference_assets/authorized_raw/playwright_20260510T094437Z/iteration_3/1309_1.23.0_assets_default_common_atlas_misc.atlas,scaffold_reference,scaffold_internal_only,blocked_from_release,true,0.10667x0.116,grid_cells,50,"Free-spins grid cell column 5, row 1. Stable 6x5 target cell. Supplemental scaffold preview/reference mapped; blocked from release."
scene.free_spins.grid.cell.c5.r2,scene.free_spins.grid,grid_cell,02_reference_assets/authorized_raw/playwright_20260510T094437Z/iteration_3/1309_1.23.0_assets_default_common_atlas_misc.atlas,scaffold_reference,scaffold_internal_only,blocked_from_release,true,0.10667x0.116,grid_cells,50,"Free-spins grid cell column 5, row 2. Stable 6x5 target cell. Supplemental scaffold preview/reference mapped; blocked from release."
scene.free_spins.grid.cell.c5.r3,scene.free_spins.grid,grid_cell,02_reference_assets/authorized_raw/playwright_20260510T094437Z/iteration_3/1309_1.23.0_assets_default_common_atlas_misc.atlas,scaffold_reference,scaffold_internal_only,blocked_from_release,true,0.10667x0.116,grid_cells,50,"Free-spins grid cell column 5, row 3. Stable 6x5 target cell. Supplemental scaffold preview/reference mapped; blocked from release."
scene.free_spins.grid.cell.c5.r4,scene.free_spins.grid,grid_cell,02_reference_assets/authorized_raw/playwright_20260510T094437Z/iteration_3/1309_1.23.0_assets_default_common_atlas_misc.atlas,scaffold_reference,scaffold_internal_only,blocked_from_release,true,0.10667x0.116,grid_cells,50,"Free-spins grid cell column 5, row 4. Stable 6x5 target cell. Supplemental scaffold preview/reference mapped; blocked from release."
scene.free_spins.grid.cell.c5.r5,scene.free_spins.grid,grid_cell,02_reference_assets/authorized_raw/playwright_20260510T094437Z/iteration_3/1309_1.23.0_assets_default_common_atlas_misc.atlas,scaffold_reference,scaffold_internal_only,blocked_from_release,true,0.10667x0.116,grid_cells,50,"Free-spins grid cell column 5, row 5. Stable 6x5 target cell. Supplemental scaffold preview/reference mapped; blocked from release."
scene.free_spins.grid.cell.c6.r1,scene.free_spins.grid,grid_cell,02_reference_assets/authorized_raw/playwright_20260510T094437Z/iteration_3/1309_1.23.0_assets_default_common_atlas_misc.atlas,scaffold_reference,scaffold_internal_only,blocked_from_release,true,0.10667x0.116,grid_cells,50,"Free-spins grid cell column 6, row 1. Stable 6x5 target cell. Supplemental scaffold preview/reference mapped; blocked from release."
scene.free_spins.grid.cell.c6.r2,scene.free_spins.grid,grid_cell,02_reference_assets/authorized_raw/playwright_20260510T094437Z/iteration_3/1309_1.23.0_assets_default_common_atlas_misc.atlas,scaffold_reference,scaffold_internal_only,blocked_from_release,true,0.10667x0.116,grid_cells,50,"Free-spins grid cell column 6, row 2. Stable 6x5 target cell. Supplemental scaffold preview/reference mapped; blocked from release."
scene.free_spins.grid.cell.c6.r3,scene.free_spins.grid,grid_cell,02_reference_assets/authorized_raw/playwright_20260510T094437Z/iteration_3/1309_1.23.0_assets_default_common_atlas_misc.atlas,scaffold_reference,scaffold_internal_only,blocked_from_release,true,0.10667x0.116,grid_cells,50,"Free-spins grid cell column 6, row 3. Stable 6x5 target cell. Supplemental scaffold preview/reference mapped; blocked from release."
scene.free_spins.grid.cell.c6.r4,scene.free_spins.grid,grid_cell,02_reference_assets/authorized_raw/playwright_20260510T094437Z/iteration_3/1309_1.23.0_assets_default_common_atlas_misc.atlas,scaffold_reference,scaffold_internal_only,blocked_from_release,true,0.10667x0.116,grid_cells,50,"Free-spins grid cell column 6, row 4. Stable 6x5 target cell. Supplemental scaffold preview/reference mapped; blocked from release."
scene.free_spins.grid.cell.c6.r5,scene.free_spins.grid,grid_cell,02_reference_assets/authorized_raw/playwright_20260510T094437Z/iteration_3/1309_1.23.0_assets_default_common_atlas_misc.atlas,scaffold_reference,scaffold_internal_only,blocked_from_release,true,0.10667x0.116,grid_cells,50,"Free-spins grid cell column 6, row 5. Stable 6x5 target cell. Supplemental scaffold preview/reference mapped; blocked from release."
scene.free_spins.intro.background,scene.free_spins.intro,background,02_reference_assets/authorized_raw/playwright_20260510T094437Z/iteration_3/1309_1.23.0_assets_default_common_atlas_background.jpg,scaffold_reference,scaffold_internal_only,blocked_from_release,true,1x1,background,0,Free-spins intro background placeholder. Original art required. Supplemental scaffold preview/reference mapped; blocked from release.
scene.free_spins.intro.title,scene.free_spins.intro,title,02_reference_assets/authorized_raw/playwright_20260510T094437Z/iteration_3/1309_1.23.0_assets_default_common_atlas_logos.atlas,scaffold_reference,scaffold_internal_only,blocked_from_release,true,0.44x0.1,feature_overlay,110,Free-spins intro title/banner placeholder. Supplemental scaffold preview/reference mapped; blocked from release.
scene.free_spins.multiplier_badge,scene.free_spins.active,multiplier_badge,02_reference_assets/authorized_raw/playwright_20260510T094437Z/iteration_3/1309_1.23.0_assets_default_common_spine_fs.json,scaffold_reference,scaffold_internal_only,blocked_from_release,true,0.1x0.08,ui_overlay,141,Free-spin multiplier badge placeholder. Supplemental scaffold preview/reference mapped; blocked from release.
scene.free_spins.outro.background,scene.free_spins.outro,background,02_reference_assets/authorized_raw/playwright_20260510T094437Z/iteration_3/1309_1.23.0_assets_default_common_atlas_background.jpg,scaffold_reference,scaffold_internal_only,blocked_from_release,true,1x1,background,0,Free-spins outro background placeholder. Original art required. Supplemental scaffold preview/reference mapped; blocked from release.
scene.free_spins.outro.title,scene.free_spins.outro,title,02_reference_assets/authorized_raw/playwright_20260510T094437Z/iteration_3/1309_1.23.0_assets_default_common_atlas_logos.atlas,scaffold_reference,scaffold_internal_only,blocked_from_release,true,0.44x0.1,feature_overlay,110,Free-spins outro title/banner placeholder. Supplemental scaffold preview/reference mapped; blocked from release.
scene.free_spins.outro.total_win,scene.free_spins.outro,total_win_summary,02_reference_assets/authorized_raw/playwright_20260510T094437Z/iteration_3/1309_1.23.0_assets_default_common_spine_fs.json,scaffold_reference,scaffold_internal_only,blocked_from_release,true,0.3x0.1,feature_overlay,150,Free-spins total win summary. Supplemental scaffold preview/reference mapped; blocked from release.
scene.layout.desktop.safe_area,desktop.layout,desktop_layout,placeholder://scene.layout.desktop.safe_area,placeholder,placeholder,pending_replacement,true,0.9x0.94,layout,0,desktop_layout safe-area/layout placeholder.
scene.layout.desktop.safe_area.control_slot,desktop.layout,control_layout_area,placeholder://scene.layout.desktop.safe_area.control_slot,placeholder,placeholder,pending_replacement,true,0.84x0.17,layout,20,desktop_layout target control panel area.
scene.layout.desktop.safe_area.grid_slot,desktop.layout,grid_layout_area,02_reference_assets/authorized_raw/playwright_20260510T094437Z/iteration_3/1309_1.23.0_assets_default_common_atlas_misc.atlas,scaffold_reference,scaffold_internal_only,blocked_from_release,true,0.76x0.58,layout,10,desktop_layout target grid area for 6x5 board. Supplemental scaffold preview/reference mapped; blocked from release.
scene.layout.mobile.safe_area,mobile.layout,mobile_layout,placeholder://scene.layout.mobile.safe_area,placeholder,placeholder,pending_replacement,true,0.96x0.96,layout,0,mobile_layout safe-area/layout placeholder.
scene.layout.mobile.safe_area.control_slot,mobile.layout,control_layout_area,placeholder://scene.layout.mobile.safe_area.control_slot,placeholder,placeholder,pending_replacement,true,0.94x0.26,layout,20,mobile_layout target control panel area.
scene.layout.mobile.safe_area.grid_slot,mobile.layout,grid_layout_area,02_reference_assets/authorized_raw/playwright_20260510T094437Z/iteration_3/1309_1.23.0_assets_default_common_atlas_misc.atlas,scaffold_reference,scaffold_internal_only,blocked_from_release,true,0.9x0.54,layout,10,mobile_layout target grid area for 6x5 board. Supplemental scaffold preview/reference mapped; blocked from release.
scene.loading.background,scene.loading,background,02_reference_assets/authorized_raw/playwright_20260510T094437Z/iteration_3/1309_1.23.0_assets_default_common_atlas_background.jpg,scaffold_reference,scaffold_internal_only,blocked_from_release,true,1x1,background,0,Original loading/background art pending; reference street/car style is a clue only. Supplemental scaffold preview/reference mapped; blocked from release.
scene.loading.continue_prompt,scene.loading,prompt,02_reference_assets/authorized_raw/chrome_mcp_20260507_1215/assets_default_common_atlas_fs_splash.ktx2,scaffold_reference,scaffold_internal_only,blocked_from_release,true,0.28x0.06,foreground,30,Click/tap to continue prompt placeholder. Supplemental scaffold preview/reference mapped; blocked from release.
scene.loading.feature_cards,scene.loading,feature_cards,02_reference_assets/authorized_raw/chrome_mcp_20260507_1215/assets_default_common_atlas_fs_splash.ktx2,scaffold_reference,scaffold_internal_only,blocked_from_release,true,0.68x0.34,foreground,20,Three feature-card area placeholder for intro messaging. Supplemental scaffold preview/reference mapped; blocked from release.
scene.loading.logo,scene.loading,logo,02_reference_assets/authorized_raw/playwright_20260510T094437Z/iteration_3/1309_1.23.0_assets_default_common_atlas_logos.atlas,scaffold_reference,scaffold_internal_only,blocked_from_release,true,0.36x0.14,foreground,10,Little Gangster logo placeholder. New original logo required. Supplemental scaffold preview/reference mapped; blocked from release.
scene.loading.progress,scene.loading,progress,02_reference_assets/authorized_raw/chrome_mcp_20260507_1215/assets_default_common_atlas_fs_splash.ktx2,scaffold_reference,scaffold_internal_only,blocked_from_release,true,0.44x0.035,foreground,25,Loading progress indicator placeholder. Supplemental scaffold preview/reference mapped; blocked from release.
scene.reconnect.modal.retry_button,scene.reconnect,retry_button,02_reference_assets/authorized_raw/playwright_20260510T094437Z/iteration_3/1309_1.23.0_assets_default_common_atlas_misc.atlas,scaffold_reference,scaffold_internal_only,blocked_from_release,true,0.16x0.08,modal_controls,230,Reconnect retry button placeholder. Supplemental scaffold preview/reference mapped; blocked from release.
scene.reconnect.modal.root,reconnect.modal,reconnect_modal,02_reference_assets/authorized_raw/playwright_20260510T094437Z/iteration_3/1309_1.23.0_assets_default_common_atlas_misc.atlas,scaffold_reference,scaffold_internal_only,blocked_from_release,true,0.5x0.58,modal,200,Reconnect modal placeholder for runtime recovery. Supplemental scaffold preview/reference mapped; blocked from release.
scene.rules.feature_rules.tab,scene.rules,feature_rules_tab,02_reference_assets/authorized_raw/playwright_20260510T094437Z/iteration_3/1309_1.23.0_assets_desc.json,scaffold_reference,scaffold_internal_only,blocked_from_release,true,0.18x0.06,modal_controls,221,Feature rules tab placeholder. Supplemental scaffold preview/reference mapped; blocked from release.
scene.rules.modal.root,help.rules.paytable.modal,rules_paytable_modal,02_reference_assets/authorized_raw/playwright_20260510T094437Z/iteration_3/1309_1.23.0_assets_desc.json,scaffold_reference,scaffold_internal_only,blocked_from_release,true,0.5x0.58,modal,200,Help/rules/paytable modal placeholder; not final math source. Supplemental scaffold preview/reference mapped; blocked from release.
scene.rules.paytable.tab,scene.rules,paytable_tab,02_reference_assets/authorized_raw/playwright_20260510T094437Z/iteration_3/1309_1.23.0_assets_desc.json,scaffold_reference,scaffold_internal_only,blocked_from_release,true,0.14x0.06,modal_controls,220,Paytable tab placeholder; final copy must match approved math package. Supplemental scaffold preview/reference mapped; blocked from release.
scene.settings.modal.root,settings.modal,settings_modal,02_reference_assets/authorized_raw/playwright_20260510T094437Z/iteration_3/1309_1.23.0_assets_default_common_atlas_misc.atlas,scaffold_reference,scaffold_internal_only,blocked_from_release,true,0.5x0.58,modal,200,Settings modal placeholder. Supplemental scaffold preview/reference mapped; blocked from release.
scene.settings.music_toggle,scene.settings,music_toggle,02_reference_assets/authorized_raw/playwright_20260510T094437Z/iteration_3/1309_1.23.0_assets_default_common_sound_music_intro.mp4,scaffold_reference,scaffold_internal_only,blocked_from_release,true,0.32x0.07,modal_controls,221,Music toggle row placeholder. Supplemental scaffold preview/reference mapped; blocked from release.
scene.settings.sound_toggle,scene.settings,sound_toggle,02_reference_assets/authorized_raw/playwright_20260510T094437Z/iteration_3/1309_1.23.0_assets_default_common_sound_click.mp4,scaffold_reference,scaffold_internal_only,blocked_from_release,true,0.32x0.07,modal_controls,220,Sound toggle row placeholder. Supplemental scaffold preview/reference mapped; blocked from release.
scene.turbo.toggle.root,turbo.toggle,turbo_toggle,02_reference_assets/authorized_raw/playwright_20260510T094437Z/iteration_3/1309_1.23.0_assets_default_common_atlas_misc.atlas,scaffold_reference,scaffold_internal_only,blocked_from_release,true,0.5x0.58,modal,200,Turbo toggle placeholder; behavior not tested. Supplemental scaffold preview/reference mapped; blocked from release.
scene.base.grid.cell.c1.r1.golden_overlay,golden_square_overlay,state_overlay,placeholder://v0_3/scene.base.grid.cell.c1.r1.golden_overlay,placeholder,placeholder,pending_replacement,true,0.10667x0.116,golden_square_overlays,90,Golden-square overlay for v0.3 persistent cell state. Client renderer-only v0.3 state; final asset replacement required.
scene.base.grid.cell.c1.r1.cascade_removed,cascade_sequence,state_overlay,placeholder://v0_3/scene.base.grid.cell.c1.r1.cascade_removed,placeholder,placeholder,pending_replacement,true,0.10667x0.116,cascade_removed_cells,95,Removed-cell marker for v0.3 cascade step playback. Client renderer-only v0.3 state; final asset replacement required.
scene.base.grid.cell.c1.r1.drop_target,cascade_sequence,state_overlay,placeholder://v0_3/scene.base.grid.cell.c1.r1.drop_target,placeholder,placeholder,pending_replacement,true,0.10667x0.116,cascade_drop_targets,96,Drop-target marker for v0.3 symbol drop/refill playback. Client renderer-only v0.3 state; final asset replacement required.
scene.base.grid.cell.c1.r1.new_symbol,cascade_sequence,state_overlay,placeholder://v0_3/scene.base.grid.cell.c1.r1.new_symbol,placeholder,placeholder,pending_replacement,true,0.10667x0.116,cascade_new_symbols,97,New/refilled symbol marker for v0.3 cascade playback. Client renderer-only v0.3 state; final asset replacement required.
scene.base.grid.cell.c1.r2.golden_overlay,golden_square_overlay,state_overlay,placeholder://v0_3/scene.base.grid.cell.c1.r2.golden_overlay,placeholder,placeholder,pending_replacement,true,0.10667x0.116,golden_square_overlays,90,Golden-square overlay for v0.3 persistent cell state. Client renderer-only v0.3 state; final asset replacement required.
scene.base.grid.cell.c1.r2.cascade_removed,cascade_sequence,state_overlay,placeholder://v0_3/scene.base.grid.cell.c1.r2.cascade_removed,placeholder,placeholder,pending_replacement,true,0.10667x0.116,cascade_removed_cells,95,Removed-cell marker for v0.3 cascade step playback. Client renderer-only v0.3 state; final asset replacement required.
scene.base.grid.cell.c1.r2.drop_target,cascade_sequence,state_overlay,placeholder://v0_3/scene.base.grid.cell.c1.r2.drop_target,placeholder,placeholder,pending_replacement,true,0.10667x0.116,cascade_drop_targets,96,Drop-target marker for v0.3 symbol drop/refill playback. Client renderer-only v0.3 state; final asset replacement required.
scene.base.grid.cell.c1.r2.new_symbol,cascade_sequence,state_overlay,placeholder://v0_3/scene.base.grid.cell.c1.r2.new_symbol,placeholder,placeholder,pending_replacement,true,0.10667x0.116,cascade_new_symbols,97,New/refilled symbol marker for v0.3 cascade playback. Client renderer-only v0.3 state; final asset replacement required.
scene.base.grid.cell.c1.r3.golden_overlay,golden_square_overlay,state_overlay,placeholder://v0_3/scene.base.grid.cell.c1.r3.golden_overlay,placeholder,placeholder,pending_replacement,true,0.10667x0.116,golden_square_overlays,90,Golden-square overlay for v0.3 persistent cell state. Client renderer-only v0.3 state; final asset replacement required.
scene.base.grid.cell.c1.r3.cascade_removed,cascade_sequence,state_overlay,placeholder://v0_3/scene.base.grid.cell.c1.r3.cascade_removed,placeholder,placeholder,pending_replacement,true,0.10667x0.116,cascade_removed_cells,95,Removed-cell marker for v0.3 cascade step playback. Client renderer-only v0.3 state; final asset replacement required.
scene.base.grid.cell.c1.r3.drop_target,cascade_sequence,state_overlay,placeholder://v0_3/scene.base.grid.cell.c1.r3.drop_target,placeholder,placeholder,pending_replacement,true,0.10667x0.116,cascade_drop_targets,96,Drop-target marker for v0.3 symbol drop/refill playback. Client renderer-only v0.3 state; final asset replacement required.
scene.base.grid.cell.c1.r3.new_symbol,cascade_sequence,state_overlay,placeholder://v0_3/scene.base.grid.cell.c1.r3.new_symbol,placeholder,placeholder,pending_replacement,true,0.10667x0.116,cascade_new_symbols,97,New/refilled symbol marker for v0.3 cascade playback. Client renderer-only v0.3 state; final asset replacement required.
scene.base.grid.cell.c1.r4.golden_overlay,golden_square_overlay,state_overlay,placeholder://v0_3/scene.base.grid.cell.c1.r4.golden_overlay,placeholder,placeholder,pending_replacement,true,0.10667x0.116,golden_square_overlays,90,Golden-square overlay for v0.3 persistent cell state. Client renderer-only v0.3 state; final asset replacement required.
scene.base.grid.cell.c1.r4.cascade_removed,cascade_sequence,state_overlay,placeholder://v0_3/scene.base.grid.cell.c1.r4.cascade_removed,placeholder,placeholder,pending_replacement,true,0.10667x0.116,cascade_removed_cells,95,Removed-cell marker for v0.3 cascade step playback. Client renderer-only v0.3 state; final asset replacement required.
scene.base.grid.cell.c1.r4.drop_target,cascade_sequence,state_overlay,placeholder://v0_3/scene.base.grid.cell.c1.r4.drop_target,placeholder,placeholder,pending_replacement,true,0.10667x0.116,cascade_drop_targets,96,Drop-target marker for v0.3 symbol drop/refill playback. Client renderer-only v0.3 state; final asset replacement required.
scene.base.grid.cell.c1.r4.new_symbol,cascade_sequence,state_overlay,placeholder://v0_3/scene.base.grid.cell.c1.r4.new_symbol,placeholder,placeholder,pending_replacement,true,0.10667x0.116,cascade_new_symbols,97,New/refilled symbol marker for v0.3 cascade playback. Client renderer-only v0.3 state; final asset replacement required.
scene.base.grid.cell.c1.r5.golden_overlay,golden_square_overlay,state_overlay,placeholder://v0_3/scene.base.grid.cell.c1.r5.golden_overlay,placeholder,placeholder,pending_replacement,true,0.10667x0.116,golden_square_overlays,90,Golden-square overlay for v0.3 persistent cell state. Client renderer-only v0.3 state; final asset replacement required.
scene.base.grid.cell.c1.r5.cascade_removed,cascade_sequence,state_overlay,placeholder://v0_3/scene.base.grid.cell.c1.r5.cascade_removed,placeholder,placeholder,pending_replacement,true,0.10667x0.116,cascade_removed_cells,95,Removed-cell marker for v0.3 cascade step playback. Client renderer-only v0.3 state; final asset replacement required.
scene.base.grid.cell.c1.r5.drop_target,cascade_sequence,state_overlay,placeholder://v0_3/scene.base.grid.cell.c1.r5.drop_target,placeholder,placeholder,pending_replacement,true,0.10667x0.116,cascade_drop_targets,96,Drop-target marker for v0.3 symbol drop/refill playback. Client renderer-only v0.3 state; final asset replacement required.
scene.base.grid.cell.c1.r5.new_symbol,cascade_sequence,state_overlay,placeholder://v0_3/scene.base.grid.cell.c1.r5.new_symbol,placeholder,placeholder,pending_replacement,true,0.10667x0.116,cascade_new_symbols,97,New/refilled symbol marker for v0.3 cascade playback. Client renderer-only v0.3 state; final asset replacement required.
scene.base.grid.cell.c2.r1.golden_overlay,golden_square_overlay,state_overlay,placeholder://v0_3/scene.base.grid.cell.c2.r1.golden_overlay,placeholder,placeholder,pending_replacement,true,0.10667x0.116,golden_square_overlays,90,Golden-square overlay for v0.3 persistent cell state. Client renderer-only v0.3 state; final asset replacement required.
scene.base.grid.cell.c2.r1.cascade_removed,cascade_sequence,state_overlay,placeholder://v0_3/scene.base.grid.cell.c2.r1.cascade_removed,placeholder,placeholder,pending_replacement,true,0.10667x0.116,cascade_removed_cells,95,Removed-cell marker for v0.3 cascade step playback. Client renderer-only v0.3 state; final asset replacement required.
scene.base.grid.cell.c2.r1.drop_target,cascade_sequence,state_overlay,placeholder://v0_3/scene.base.grid.cell.c2.r1.drop_target,placeholder,placeholder,pending_replacement,true,0.10667x0.116,cascade_drop_targets,96,Drop-target marker for v0.3 symbol drop/refill playback. Client renderer-only v0.3 state; final asset replacement required.
scene.base.grid.cell.c2.r1.new_symbol,cascade_sequence,state_overlay,placeholder://v0_3/scene.base.grid.cell.c2.r1.new_symbol,placeholder,placeholder,pending_replacement,true,0.10667x0.116,cascade_new_symbols,97,New/refilled symbol marker for v0.3 cascade playback. Client renderer-only v0.3 state; final asset replacement required.
scene.base.grid.cell.c2.r2.golden_overlay,golden_square_overlay,state_overlay,placeholder://v0_3/scene.base.grid.cell.c2.r2.golden_overlay,placeholder,placeholder,pending_replacement,true,0.10667x0.116,golden_square_overlays,90,Golden-square overlay for v0.3 persistent cell state. Client renderer-only v0.3 state; final asset replacement required.
scene.base.grid.cell.c2.r2.cascade_removed,cascade_sequence,state_overlay,placeholder://v0_3/scene.base.grid.cell.c2.r2.cascade_removed,placeholder,placeholder,pending_replacement,true,0.10667x0.116,cascade_removed_cells,95,Removed-cell marker for v0.3 cascade step playback. Client renderer-only v0.3 state; final asset replacement required.
scene.base.grid.cell.c2.r2.drop_target,cascade_sequence,state_overlay,placeholder://v0_3/scene.base.grid.cell.c2.r2.drop_target,placeholder,placeholder,pending_replacement,true,0.10667x0.116,cascade_drop_targets,96,Drop-target marker for v0.3 symbol drop/refill playback. Client renderer-only v0.3 state; final asset replacement required.
scene.base.grid.cell.c2.r2.new_symbol,cascade_sequence,state_overlay,placeholder://v0_3/scene.base.grid.cell.c2.r2.new_symbol,placeholder,placeholder,pending_replacement,true,0.10667x0.116,cascade_new_symbols,97,New/refilled symbol marker for v0.3 cascade playback. Client renderer-only v0.3 state; final asset replacement required.
scene.base.grid.cell.c2.r3.golden_overlay,golden_square_overlay,state_overlay,placeholder://v0_3/scene.base.grid.cell.c2.r3.golden_overlay,placeholder,placeholder,pending_replacement,true,0.10667x0.116,golden_square_overlays,90,Golden-square overlay for v0.3 persistent cell state. Client renderer-only v0.3 state; final asset replacement required.
scene.base.grid.cell.c2.r3.cascade_removed,cascade_sequence,state_overlay,placeholder://v0_3/scene.base.grid.cell.c2.r3.cascade_removed,placeholder,placeholder,pending_replacement,true,0.10667x0.116,cascade_removed_cells,95,Removed-cell marker for v0.3 cascade step playback. Client renderer-only v0.3 state; final asset replacement required.
scene.base.grid.cell.c2.r3.drop_target,cascade_sequence,state_overlay,placeholder://v0_3/scene.base.grid.cell.c2.r3.drop_target,placeholder,placeholder,pending_replacement,true,0.10667x0.116,cascade_drop_targets,96,Drop-target marker for v0.3 symbol drop/refill playback. Client renderer-only v0.3 state; final asset replacement required.
scene.base.grid.cell.c2.r3.new_symbol,cascade_sequence,state_overlay,placeholder://v0_3/scene.base.grid.cell.c2.r3.new_symbol,placeholder,placeholder,pending_replacement,true,0.10667x0.116,cascade_new_symbols,97,New/refilled symbol marker for v0.3 cascade playback. Client renderer-only v0.3 state; final asset replacement required.
scene.base.grid.cell.c2.r4.golden_overlay,golden_square_overlay,state_overlay,placeholder://v0_3/scene.base.grid.cell.c2.r4.golden_overlay,placeholder,placeholder,pending_replacement,true,0.10667x0.116,golden_square_overlays,90,Golden-square overlay for v0.3 persistent cell state. Client renderer-only v0.3 state; final asset replacement required.
scene.base.grid.cell.c2.r4.cascade_removed,cascade_sequence,state_overlay,placeholder://v0_3/scene.base.grid.cell.c2.r4.cascade_removed,placeholder,placeholder,pending_replacement,true,0.10667x0.116,cascade_removed_cells,95,Removed-cell marker for v0.3 cascade step playback. Client renderer-only v0.3 state; final asset replacement required.
scene.base.grid.cell.c2.r4.drop_target,cascade_sequence,state_overlay,placeholder://v0_3/scene.base.grid.cell.c2.r4.drop_target,placeholder,placeholder,pending_replacement,true,0.10667x0.116,cascade_drop_targets,96,Drop-target marker for v0.3 symbol drop/refill playback. Client renderer-only v0.3 state; final asset replacement required.
scene.base.grid.cell.c2.r4.new_symbol,cascade_sequence,state_overlay,placeholder://v0_3/scene.base.grid.cell.c2.r4.new_symbol,placeholder,placeholder,pending_replacement,true,0.10667x0.116,cascade_new_symbols,97,New/refilled symbol marker for v0.3 cascade playback. Client renderer-only v0.3 state; final asset replacement required.
scene.base.grid.cell.c2.r5.golden_overlay,golden_square_overlay,state_overlay,placeholder://v0_3/scene.base.grid.cell.c2.r5.golden_overlay,placeholder,placeholder,pending_replacement,true,0.10667x0.116,golden_square_overlays,90,Golden-square overlay for v0.3 persistent cell state. Client renderer-only v0.3 state; final asset replacement required.
scene.base.grid.cell.c2.r5.cascade_removed,cascade_sequence,state_overlay,placeholder://v0_3/scene.base.grid.cell.c2.r5.cascade_removed,placeholder,placeholder,pending_replacement,true,0.10667x0.116,cascade_removed_cells,95,Removed-cell marker for v0.3 cascade step playback. Client renderer-only v0.3 state; final asset replacement required.
scene.base.grid.cell.c2.r5.drop_target,cascade_sequence,state_overlay,placeholder://v0_3/scene.base.grid.cell.c2.r5.drop_target,placeholder,placeholder,pending_replacement,true,0.10667x0.116,cascade_drop_targets,96,Drop-target marker for v0.3 symbol drop/refill playback. Client renderer-only v0.3 state; final asset replacement required.
scene.base.grid.cell.c2.r5.new_symbol,cascade_sequence,state_overlay,placeholder://v0_3/scene.base.grid.cell.c2.r5.new_symbol,placeholder,placeholder,pending_replacement,true,0.10667x0.116,cascade_new_symbols,97,New/refilled symbol marker for v0.3 cascade playback. Client renderer-only v0.3 state; final asset replacement required.
scene.base.grid.cell.c3.r1.golden_overlay,golden_square_overlay,state_overlay,placeholder://v0_3/scene.base.grid.cell.c3.r1.golden_overlay,placeholder,placeholder,pending_replacement,true,0.10667x0.116,golden_square_overlays,90,Golden-square overlay for v0.3 persistent cell state. Client renderer-only v0.3 state; final asset replacement required.
scene.base.grid.cell.c3.r1.cascade_removed,cascade_sequence,state_overlay,placeholder://v0_3/scene.base.grid.cell.c3.r1.cascade_removed,placeholder,placeholder,pending_replacement,true,0.10667x0.116,cascade_removed_cells,95,Removed-cell marker for v0.3 cascade step playback. Client renderer-only v0.3 state; final asset replacement required.
scene.base.grid.cell.c3.r1.drop_target,cascade_sequence,state_overlay,placeholder://v0_3/scene.base.grid.cell.c3.r1.drop_target,placeholder,placeholder,pending_replacement,true,0.10667x0.116,cascade_drop_targets,96,Drop-target marker for v0.3 symbol drop/refill playback. Client renderer-only v0.3 state; final asset replacement required.
scene.base.grid.cell.c3.r1.new_symbol,cascade_sequence,state_overlay,placeholder://v0_3/scene.base.grid.cell.c3.r1.new_symbol,placeholder,placeholder,pending_replacement,true,0.10667x0.116,cascade_new_symbols,97,New/refilled symbol marker for v0.3 cascade playback. Client renderer-only v0.3 state; final asset replacement required.
scene.base.grid.cell.c3.r2.golden_overlay,golden_square_overlay,state_overlay,placeholder://v0_3/scene.base.grid.cell.c3.r2.golden_overlay,placeholder,placeholder,pending_replacement,true,0.10667x0.116,golden_square_overlays,90,Golden-square overlay for v0.3 persistent cell state. Client renderer-only v0.3 state; final asset replacement required.
scene.base.grid.cell.c3.r2.cascade_removed,cascade_sequence,state_overlay,placeholder://v0_3/scene.base.grid.cell.c3.r2.cascade_removed,placeholder,placeholder,pending_replacement,true,0.10667x0.116,cascade_removed_cells,95,Removed-cell marker for v0.3 cascade step playback. Client renderer-only v0.3 state; final asset replacement required.
scene.base.grid.cell.c3.r2.drop_target,cascade_sequence,state_overlay,placeholder://v0_3/scene.base.grid.cell.c3.r2.drop_target,placeholder,placeholder,pending_replacement,true,0.10667x0.116,cascade_drop_targets,96,Drop-target marker for v0.3 symbol drop/refill playback. Client renderer-only v0.3 state; final asset replacement required.
scene.base.grid.cell.c3.r2.new_symbol,cascade_sequence,state_overlay,placeholder://v0_3/scene.base.grid.cell.c3.r2.new_symbol,placeholder,placeholder,pending_replacement,true,0.10667x0.116,cascade_new_symbols,97,New/refilled symbol marker for v0.3 cascade playback. Client renderer-only v0.3 state; final asset replacement required.
scene.base.grid.cell.c3.r3.golden_overlay,golden_square_overlay,state_overlay,placeholder://v0_3/scene.base.grid.cell.c3.r3.golden_overlay,placeholder,placeholder,pending_replacement,true,0.10667x0.116,golden_square_overlays,90,Golden-square overlay for v0.3 persistent cell state. Client renderer-only v0.3 state; final asset replacement required.
scene.base.grid.cell.c3.r3.cascade_removed,cascade_sequence,state_overlay,placeholder://v0_3/scene.base.grid.cell.c3.r3.cascade_removed,placeholder,placeholder,pending_replacement,true,0.10667x0.116,cascade_removed_cells,95,Removed-cell marker for v0.3 cascade step playback. Client renderer-only v0.3 state; final asset replacement required.
scene.base.grid.cell.c3.r3.drop_target,cascade_sequence,state_overlay,placeholder://v0_3/scene.base.grid.cell.c3.r3.drop_target,placeholder,placeholder,pending_replacement,true,0.10667x0.116,cascade_drop_targets,96,Drop-target marker for v0.3 symbol drop/refill playback. Client renderer-only v0.3 state; final asset replacement required.
scene.base.grid.cell.c3.r3.new_symbol,cascade_sequence,state_overlay,placeholder://v0_3/scene.base.grid.cell.c3.r3.new_symbol,placeholder,placeholder,pending_replacement,true,0.10667x0.116,cascade_new_symbols,97,New/refilled symbol marker for v0.3 cascade playback. Client renderer-only v0.3 state; final asset replacement required.
scene.base.grid.cell.c3.r4.golden_overlay,golden_square_overlay,state_overlay,placeholder://v0_3/scene.base.grid.cell.c3.r4.golden_overlay,placeholder,placeholder,pending_replacement,true,0.10667x0.116,golden_square_overlays,90,Golden-square overlay for v0.3 persistent cell state. Client renderer-only v0.3 state; final asset replacement required.
scene.base.grid.cell.c3.r4.cascade_removed,cascade_sequence,state_overlay,placeholder://v0_3/scene.base.grid.cell.c3.r4.cascade_removed,placeholder,placeholder,pending_replacement,true,0.10667x0.116,cascade_removed_cells,95,Removed-cell marker for v0.3 cascade step playback. Client renderer-only v0.3 state; final asset replacement required.
scene.base.grid.cell.c3.r4.drop_target,cascade_sequence,state_overlay,placeholder://v0_3/scene.base.grid.cell.c3.r4.drop_target,placeholder,placeholder,pending_replacement,true,0.10667x0.116,cascade_drop_targets,96,Drop-target marker for v0.3 symbol drop/refill playback. Client renderer-only v0.3 state; final asset replacement required.
scene.base.grid.cell.c3.r4.new_symbol,cascade_sequence,state_overlay,placeholder://v0_3/scene.base.grid.cell.c3.r4.new_symbol,placeholder,placeholder,pending_replacement,true,0.10667x0.116,cascade_new_symbols,97,New/refilled symbol marker for v0.3 cascade playback. Client renderer-only v0.3 state; final asset replacement required.
scene.base.grid.cell.c3.r5.golden_overlay,golden_square_overlay,state_overlay,placeholder://v0_3/scene.base.grid.cell.c3.r5.golden_overlay,placeholder,placeholder,pending_replacement,true,0.10667x0.116,golden_square_overlays,90,Golden-square overlay for v0.3 persistent cell state. Client renderer-only v0.3 state; final asset replacement required.
scene.base.grid.cell.c3.r5.cascade_removed,cascade_sequence,state_overlay,placeholder://v0_3/scene.base.grid.cell.c3.r5.cascade_removed,placeholder,placeholder,pending_replacement,true,0.10667x0.116,cascade_removed_cells,95,Removed-cell marker for v0.3 cascade step playback. Client renderer-only v0.3 state; final asset replacement required.
scene.base.grid.cell.c3.r5.drop_target,cascade_sequence,state_overlay,placeholder://v0_3/scene.base.grid.cell.c3.r5.drop_target,placeholder,placeholder,pending_replacement,true,0.10667x0.116,cascade_drop_targets,96,Drop-target marker for v0.3 symbol drop/refill playback. Client renderer-only v0.3 state; final asset replacement required.
scene.base.grid.cell.c3.r5.new_symbol,cascade_sequence,state_overlay,placeholder://v0_3/scene.base.grid.cell.c3.r5.new_symbol,placeholder,placeholder,pending_replacement,true,0.10667x0.116,cascade_new_symbols,97,New/refilled symbol marker for v0.3 cascade playback. Client renderer-only v0.3 state; final asset replacement required.
scene.base.grid.cell.c4.r1.golden_overlay,golden_square_overlay,state_overlay,placeholder://v0_3/scene.base.grid.cell.c4.r1.golden_overlay,placeholder,placeholder,pending_replacement,true,0.10667x0.116,golden_square_overlays,90,Golden-square overlay for v0.3 persistent cell state. Client renderer-only v0.3 state; final asset replacement required.
scene.base.grid.cell.c4.r1.cascade_removed,cascade_sequence,state_overlay,placeholder://v0_3/scene.base.grid.cell.c4.r1.cascade_removed,placeholder,placeholder,pending_replacement,true,0.10667x0.116,cascade_removed_cells,95,Removed-cell marker for v0.3 cascade step playback. Client renderer-only v0.3 state; final asset replacement required.
scene.base.grid.cell.c4.r1.drop_target,cascade_sequence,state_overlay,placeholder://v0_3/scene.base.grid.cell.c4.r1.drop_target,placeholder,placeholder,pending_replacement,true,0.10667x0.116,cascade_drop_targets,96,Drop-target marker for v0.3 symbol drop/refill playback. Client renderer-only v0.3 state; final asset replacement required.
scene.base.grid.cell.c4.r1.new_symbol,cascade_sequence,state_overlay,placeholder://v0_3/scene.base.grid.cell.c4.r1.new_symbol,placeholder,placeholder,pending_replacement,true,0.10667x0.116,cascade_new_symbols,97,New/refilled symbol marker for v0.3 cascade playback. Client renderer-only v0.3 state; final asset replacement required.
scene.base.grid.cell.c4.r2.golden_overlay,golden_square_overlay,state_overlay,placeholder://v0_3/scene.base.grid.cell.c4.r2.golden_overlay,placeholder,placeholder,pending_replacement,true,0.10667x0.116,golden_square_overlays,90,Golden-square overlay for v0.3 persistent cell state. Client renderer-only v0.3 state; final asset replacement required.
scene.base.grid.cell.c4.r2.cascade_removed,cascade_sequence,state_overlay,placeholder://v0_3/scene.base.grid.cell.c4.r2.cascade_removed,placeholder,placeholder,pending_replacement,true,0.10667x0.116,cascade_removed_cells,95,Removed-cell marker for v0.3 cascade step playback. Client renderer-only v0.3 state; final asset replacement required.
scene.base.grid.cell.c4.r2.drop_target,cascade_sequence,state_overlay,placeholder://v0_3/scene.base.grid.cell.c4.r2.drop_target,placeholder,placeholder,pending_replacement,true,0.10667x0.116,cascade_drop_targets,96,Drop-target marker for v0.3 symbol drop/refill playback. Client renderer-only v0.3 state; final asset replacement required.
scene.base.grid.cell.c4.r2.new_symbol,cascade_sequence,state_overlay,placeholder://v0_3/scene.base.grid.cell.c4.r2.new_symbol,placeholder,placeholder,pending_replacement,true,0.10667x0.116,cascade_new_symbols,97,New/refilled symbol marker for v0.3 cascade playback. Client renderer-only v0.3 state; final asset replacement required.
scene.base.grid.cell.c4.r3.golden_overlay,golden_square_overlay,state_overlay,placeholder://v0_3/scene.base.grid.cell.c4.r3.golden_overlay,placeholder,placeholder,pending_replacement,true,0.10667x0.116,golden_square_overlays,90,Golden-square overlay for v0.3 persistent cell state. Client renderer-only v0.3 state; final asset replacement required.
scene.base.grid.cell.c4.r3.cascade_removed,cascade_sequence,state_overlay,placeholder://v0_3/scene.base.grid.cell.c4.r3.cascade_removed,placeholder,placeholder,pending_replacement,true,0.10667x0.116,cascade_removed_cells,95,Removed-cell marker for v0.3 cascade step playback. Client renderer-only v0.3 state; final asset replacement required.
scene.base.grid.cell.c4.r3.drop_target,cascade_sequence,state_overlay,placeholder://v0_3/scene.base.grid.cell.c4.r3.drop_target,placeholder,placeholder,pending_replacement,true,0.10667x0.116,cascade_drop_targets,96,Drop-target marker for v0.3 symbol drop/refill playback. Client renderer-only v0.3 state; final asset replacement required.
scene.base.grid.cell.c4.r3.new_symbol,cascade_sequence,state_overlay,placeholder://v0_3/scene.base.grid.cell.c4.r3.new_symbol,placeholder,placeholder,pending_replacement,true,0.10667x0.116,cascade_new_symbols,97,New/refilled symbol marker for v0.3 cascade playback. Client renderer-only v0.3 state; final asset replacement required.
scene.base.grid.cell.c4.r4.golden_overlay,golden_square_overlay,state_overlay,placeholder://v0_3/scene.base.grid.cell.c4.r4.golden_overlay,placeholder,placeholder,pending_replacement,true,0.10667x0.116,golden_square_overlays,90,Golden-square overlay for v0.3 persistent cell state. Client renderer-only v0.3 state; final asset replacement required.
scene.base.grid.cell.c4.r4.cascade_removed,cascade_sequence,state_overlay,placeholder://v0_3/scene.base.grid.cell.c4.r4.cascade_removed,placeholder,placeholder,pending_replacement,true,0.10667x0.116,cascade_removed_cells,95,Removed-cell marker for v0.3 cascade step playback. Client renderer-only v0.3 state; final asset replacement required.
scene.base.grid.cell.c4.r4.drop_target,cascade_sequence,state_overlay,placeholder://v0_3/scene.base.grid.cell.c4.r4.drop_target,placeholder,placeholder,pending_replacement,true,0.10667x0.116,cascade_drop_targets,96,Drop-target marker for v0.3 symbol drop/refill playback. Client renderer-only v0.3 state; final asset replacement required.
scene.base.grid.cell.c4.r4.new_symbol,cascade_sequence,state_overlay,placeholder://v0_3/scene.base.grid.cell.c4.r4.new_symbol,placeholder,placeholder,pending_replacement,true,0.10667x0.116,cascade_new_symbols,97,New/refilled symbol marker for v0.3 cascade playback. Client renderer-only v0.3 state; final asset replacement required.
scene.base.grid.cell.c4.r5.golden_overlay,golden_square_overlay,state_overlay,placeholder://v0_3/scene.base.grid.cell.c4.r5.golden_overlay,placeholder,placeholder,pending_replacement,true,0.10667x0.116,golden_square_overlays,90,Golden-square overlay for v0.3 persistent cell state. Client renderer-only v0.3 state; final asset replacement required.
scene.base.grid.cell.c4.r5.cascade_removed,cascade_sequence,state_overlay,placeholder://v0_3/scene.base.grid.cell.c4.r5.cascade_removed,placeholder,placeholder,pending_replacement,true,0.10667x0.116,cascade_removed_cells,95,Removed-cell marker for v0.3 cascade step playback. Client renderer-only v0.3 state; final asset replacement required.
scene.base.grid.cell.c4.r5.drop_target,cascade_sequence,state_overlay,placeholder://v0_3/scene.base.grid.cell.c4.r5.drop_target,placeholder,placeholder,pending_replacement,true,0.10667x0.116,cascade_drop_targets,96,Drop-target marker for v0.3 symbol drop/refill playback. Client renderer-only v0.3 state; final asset replacement required.
scene.base.grid.cell.c4.r5.new_symbol,cascade_sequence,state_overlay,placeholder://v0_3/scene.base.grid.cell.c4.r5.new_symbol,placeholder,placeholder,pending_replacement,true,0.10667x0.116,cascade_new_symbols,97,New/refilled symbol marker for v0.3 cascade playback. Client renderer-only v0.3 state; final asset replacement required.
scene.base.grid.cell.c5.r1.golden_overlay,golden_square_overlay,state_overlay,placeholder://v0_3/scene.base.grid.cell.c5.r1.golden_overlay,placeholder,placeholder,pending_replacement,true,0.10667x0.116,golden_square_overlays,90,Golden-square overlay for v0.3 persistent cell state. Client renderer-only v0.3 state; final asset replacement required.
scene.base.grid.cell.c5.r1.cascade_removed,cascade_sequence,state_overlay,placeholder://v0_3/scene.base.grid.cell.c5.r1.cascade_removed,placeholder,placeholder,pending_replacement,true,0.10667x0.116,cascade_removed_cells,95,Removed-cell marker for v0.3 cascade step playback. Client renderer-only v0.3 state; final asset replacement required.
scene.base.grid.cell.c5.r1.drop_target,cascade_sequence,state_overlay,placeholder://v0_3/scene.base.grid.cell.c5.r1.drop_target,placeholder,placeholder,pending_replacement,true,0.10667x0.116,cascade_drop_targets,96,Drop-target marker for v0.3 symbol drop/refill playback. Client renderer-only v0.3 state; final asset replacement required.
scene.base.grid.cell.c5.r1.new_symbol,cascade_sequence,state_overlay,placeholder://v0_3/scene.base.grid.cell.c5.r1.new_symbol,placeholder,placeholder,pending_replacement,true,0.10667x0.116,cascade_new_symbols,97,New/refilled symbol marker for v0.3 cascade playback. Client renderer-only v0.3 state; final asset replacement required.
scene.base.grid.cell.c5.r2.golden_overlay,golden_square_overlay,state_overlay,placeholder://v0_3/scene.base.grid.cell.c5.r2.golden_overlay,placeholder,placeholder,pending_replacement,true,0.10667x0.116,golden_square_overlays,90,Golden-square overlay for v0.3 persistent cell state. Client renderer-only v0.3 state; final asset replacement required.
scene.base.grid.cell.c5.r2.cascade_removed,cascade_sequence,state_overlay,placeholder://v0_3/scene.base.grid.cell.c5.r2.cascade_removed,placeholder,placeholder,pending_replacement,true,0.10667x0.116,cascade_removed_cells,95,Removed-cell marker for v0.3 cascade step playback. Client renderer-only v0.3 state; final asset replacement required.
scene.base.grid.cell.c5.r2.drop_target,cascade_sequence,state_overlay,placeholder://v0_3/scene.base.grid.cell.c5.r2.drop_target,placeholder,placeholder,pending_replacement,true,0.10667x0.116,cascade_drop_targets,96,Drop-target marker for v0.3 symbol drop/refill playback. Client renderer-only v0.3 state; final asset replacement required.
scene.base.grid.cell.c5.r2.new_symbol,cascade_sequence,state_overlay,placeholder://v0_3/scene.base.grid.cell.c5.r2.new_symbol,placeholder,placeholder,pending_replacement,true,0.10667x0.116,cascade_new_symbols,97,New/refilled symbol marker for v0.3 cascade playback. Client renderer-only v0.3 state; final asset replacement required.
scene.base.grid.cell.c5.r3.golden_overlay,golden_square_overlay,state_overlay,placeholder://v0_3/scene.base.grid.cell.c5.r3.golden_overlay,placeholder,placeholder,pending_replacement,true,0.10667x0.116,golden_square_overlays,90,Golden-square overlay for v0.3 persistent cell state. Client renderer-only v0.3 state; final asset replacement required.
scene.base.grid.cell.c5.r3.cascade_removed,cascade_sequence,state_overlay,placeholder://v0_3/scene.base.grid.cell.c5.r3.cascade_removed,placeholder,placeholder,pending_replacement,true,0.10667x0.116,cascade_removed_cells,95,Removed-cell marker for v0.3 cascade step playback. Client renderer-only v0.3 state; final asset replacement required.
scene.base.grid.cell.c5.r3.drop_target,cascade_sequence,state_overlay,placeholder://v0_3/scene.base.grid.cell.c5.r3.drop_target,placeholder,placeholder,pending_replacement,true,0.10667x0.116,cascade_drop_targets,96,Drop-target marker for v0.3 symbol drop/refill playback. Client renderer-only v0.3 state; final asset replacement required.
scene.base.grid.cell.c5.r3.new_symbol,cascade_sequence,state_overlay,placeholder://v0_3/scene.base.grid.cell.c5.r3.new_symbol,placeholder,placeholder,pending_replacement,true,0.10667x0.116,cascade_new_symbols,97,New/refilled symbol marker for v0.3 cascade playback. Client renderer-only v0.3 state; final asset replacement required.
scene.base.grid.cell.c5.r4.golden_overlay,golden_square_overlay,state_overlay,placeholder://v0_3/scene.base.grid.cell.c5.r4.golden_overlay,placeholder,placeholder,pending_replacement,true,0.10667x0.116,golden_square_overlays,90,Golden-square overlay for v0.3 persistent cell state. Client renderer-only v0.3 state; final asset replacement required.
scene.base.grid.cell.c5.r4.cascade_removed,cascade_sequence,state_overlay,placeholder://v0_3/scene.base.grid.cell.c5.r4.cascade_removed,placeholder,placeholder,pending_replacement,true,0.10667x0.116,cascade_removed_cells,95,Removed-cell marker for v0.3 cascade step playback. Client renderer-only v0.3 state; final asset replacement required.
scene.base.grid.cell.c5.r4.drop_target,cascade_sequence,state_overlay,placeholder://v0_3/scene.base.grid.cell.c5.r4.drop_target,placeholder,placeholder,pending_replacement,true,0.10667x0.116,cascade_drop_targets,96,Drop-target marker for v0.3 symbol drop/refill playback. Client renderer-only v0.3 state; final asset replacement required.
scene.base.grid.cell.c5.r4.new_symbol,cascade_sequence,state_overlay,placeholder://v0_3/scene.base.grid.cell.c5.r4.new_symbol,placeholder,placeholder,pending_replacement,true,0.10667x0.116,cascade_new_symbols,97,New/refilled symbol marker for v0.3 cascade playback. Client renderer-only v0.3 state; final asset replacement required.
scene.base.grid.cell.c5.r5.golden_overlay,golden_square_overlay,state_overlay,placeholder://v0_3/scene.base.grid.cell.c5.r5.golden_overlay,placeholder,placeholder,pending_replacement,true,0.10667x0.116,golden_square_overlays,90,Golden-square overlay for v0.3 persistent cell state. Client renderer-only v0.3 state; final asset replacement required.
scene.base.grid.cell.c5.r5.cascade_removed,cascade_sequence,state_overlay,placeholder://v0_3/scene.base.grid.cell.c5.r5.cascade_removed,placeholder,placeholder,pending_replacement,true,0.10667x0.116,cascade_removed_cells,95,Removed-cell marker for v0.3 cascade step playback. Client renderer-only v0.3 state; final asset replacement required.
scene.base.grid.cell.c5.r5.drop_target,cascade_sequence,state_overlay,placeholder://v0_3/scene.base.grid.cell.c5.r5.drop_target,placeholder,placeholder,pending_replacement,true,0.10667x0.116,cascade_drop_targets,96,Drop-target marker for v0.3 symbol drop/refill playback. Client renderer-only v0.3 state; final asset replacement required.
scene.base.grid.cell.c5.r5.new_symbol,cascade_sequence,state_overlay,placeholder://v0_3/scene.base.grid.cell.c5.r5.new_symbol,placeholder,placeholder,pending_replacement,true,0.10667x0.116,cascade_new_symbols,97,New/refilled symbol marker for v0.3 cascade playback. Client renderer-only v0.3 state; final asset replacement required.
scene.base.grid.cell.c6.r1.golden_overlay,golden_square_overlay,state_overlay,placeholder://v0_3/scene.base.grid.cell.c6.r1.golden_overlay,placeholder,placeholder,pending_replacement,true,0.10667x0.116,golden_square_overlays,90,Golden-square overlay for v0.3 persistent cell state. Client renderer-only v0.3 state; final asset replacement required.
scene.base.grid.cell.c6.r1.cascade_removed,cascade_sequence,state_overlay,placeholder://v0_3/scene.base.grid.cell.c6.r1.cascade_removed,placeholder,placeholder,pending_replacement,true,0.10667x0.116,cascade_removed_cells,95,Removed-cell marker for v0.3 cascade step playback. Client renderer-only v0.3 state; final asset replacement required.
scene.base.grid.cell.c6.r1.drop_target,cascade_sequence,state_overlay,placeholder://v0_3/scene.base.grid.cell.c6.r1.drop_target,placeholder,placeholder,pending_replacement,true,0.10667x0.116,cascade_drop_targets,96,Drop-target marker for v0.3 symbol drop/refill playback. Client renderer-only v0.3 state; final asset replacement required.
scene.base.grid.cell.c6.r1.new_symbol,cascade_sequence,state_overlay,placeholder://v0_3/scene.base.grid.cell.c6.r1.new_symbol,placeholder,placeholder,pending_replacement,true,0.10667x0.116,cascade_new_symbols,97,New/refilled symbol marker for v0.3 cascade playback. Client renderer-only v0.3 state; final asset replacement required.
scene.base.grid.cell.c6.r2.golden_overlay,golden_square_overlay,state_overlay,placeholder://v0_3/scene.base.grid.cell.c6.r2.golden_overlay,placeholder,placeholder,pending_replacement,true,0.10667x0.116,golden_square_overlays,90,Golden-square overlay for v0.3 persistent cell state. Client renderer-only v0.3 state; final asset replacement required.
scene.base.grid.cell.c6.r2.cascade_removed,cascade_sequence,state_overlay,placeholder://v0_3/scene.base.grid.cell.c6.r2.cascade_removed,placeholder,placeholder,pending_replacement,true,0.10667x0.116,cascade_removed_cells,95,Removed-cell marker for v0.3 cascade step playback. Client renderer-only v0.3 state; final asset replacement required.
scene.base.grid.cell.c6.r2.drop_target,cascade_sequence,state_overlay,placeholder://v0_3/scene.base.grid.cell.c6.r2.drop_target,placeholder,placeholder,pending_replacement,true,0.10667x0.116,cascade_drop_targets,96,Drop-target marker for v0.3 symbol drop/refill playback. Client renderer-only v0.3 state; final asset replacement required.
scene.base.grid.cell.c6.r2.new_symbol,cascade_sequence,state_overlay,placeholder://v0_3/scene.base.grid.cell.c6.r2.new_symbol,placeholder,placeholder,pending_replacement,true,0.10667x0.116,cascade_new_symbols,97,New/refilled symbol marker for v0.3 cascade playback. Client renderer-only v0.3 state; final asset replacement required.
scene.base.grid.cell.c6.r3.golden_overlay,golden_square_overlay,state_overlay,placeholder://v0_3/scene.base.grid.cell.c6.r3.golden_overlay,placeholder,placeholder,pending_replacement,true,0.10667x0.116,golden_square_overlays,90,Golden-square overlay for v0.3 persistent cell state. Client renderer-only v0.3 state; final asset replacement required.
scene.base.grid.cell.c6.r3.cascade_removed,cascade_sequence,state_overlay,placeholder://v0_3/scene.base.grid.cell.c6.r3.cascade_removed,placeholder,placeholder,pending_replacement,true,0.10667x0.116,cascade_removed_cells,95,Removed-cell marker for v0.3 cascade step playback. Client renderer-only v0.3 state; final asset replacement required.
scene.base.grid.cell.c6.r3.drop_target,cascade_sequence,state_overlay,placeholder://v0_3/scene.base.grid.cell.c6.r3.drop_target,placeholder,placeholder,pending_replacement,true,0.10667x0.116,cascade_drop_targets,96,Drop-target marker for v0.3 symbol drop/refill playback. Client renderer-only v0.3 state; final asset replacement required.
scene.base.grid.cell.c6.r3.new_symbol,cascade_sequence,state_overlay,placeholder://v0_3/scene.base.grid.cell.c6.r3.new_symbol,placeholder,placeholder,pending_replacement,true,0.10667x0.116,cascade_new_symbols,97,New/refilled symbol marker for v0.3 cascade playback. Client renderer-only v0.3 state; final asset replacement required.
scene.base.grid.cell.c6.r4.golden_overlay,golden_square_overlay,state_overlay,placeholder://v0_3/scene.base.grid.cell.c6.r4.golden_overlay,placeholder,placeholder,pending_replacement,true,0.10667x0.116,golden_square_overlays,90,Golden-square overlay for v0.3 persistent cell state. Client renderer-only v0.3 state; final asset replacement required.
scene.base.grid.cell.c6.r4.cascade_removed,cascade_sequence,state_overlay,placeholder://v0_3/scene.base.grid.cell.c6.r4.cascade_removed,placeholder,placeholder,pending_replacement,true,0.10667x0.116,cascade_removed_cells,95,Removed-cell marker for v0.3 cascade step playback. Client renderer-only v0.3 state; final asset replacement required.
scene.base.grid.cell.c6.r4.drop_target,cascade_sequence,state_overlay,placeholder://v0_3/scene.base.grid.cell.c6.r4.drop_target,placeholder,placeholder,pending_replacement,true,0.10667x0.116,cascade_drop_targets,96,Drop-target marker for v0.3 symbol drop/refill playback. Client renderer-only v0.3 state; final asset replacement required.
scene.base.grid.cell.c6.r4.new_symbol,cascade_sequence,state_overlay,placeholder://v0_3/scene.base.grid.cell.c6.r4.new_symbol,placeholder,placeholder,pending_replacement,true,0.10667x0.116,cascade_new_symbols,97,New/refilled symbol marker for v0.3 cascade playback. Client renderer-only v0.3 state; final asset replacement required.
scene.base.grid.cell.c6.r5.golden_overlay,golden_square_overlay,state_overlay,placeholder://v0_3/scene.base.grid.cell.c6.r5.golden_overlay,placeholder,placeholder,pending_replacement,true,0.10667x0.116,golden_square_overlays,90,Golden-square overlay for v0.3 persistent cell state. Client renderer-only v0.3 state; final asset replacement required.
scene.base.grid.cell.c6.r5.cascade_removed,cascade_sequence,state_overlay,placeholder://v0_3/scene.base.grid.cell.c6.r5.cascade_removed,placeholder,placeholder,pending_replacement,true,0.10667x0.116,cascade_removed_cells,95,Removed-cell marker for v0.3 cascade step playback. Client renderer-only v0.3 state; final asset replacement required.
scene.base.grid.cell.c6.r5.drop_target,cascade_sequence,state_overlay,placeholder://v0_3/scene.base.grid.cell.c6.r5.drop_target,placeholder,placeholder,pending_replacement,true,0.10667x0.116,cascade_drop_targets,96,Drop-target marker for v0.3 symbol drop/refill playback. Client renderer-only v0.3 state; final asset replacement required.
scene.base.grid.cell.c6.r5.new_symbol,cascade_sequence,state_overlay,placeholder://v0_3/scene.base.grid.cell.c6.r5.new_symbol,placeholder,placeholder,pending_replacement,true,0.10667x0.116,cascade_new_symbols,97,New/refilled symbol marker for v0.3 cascade playback. Client renderer-only v0.3 state; final asset replacement required.
scene.base.grid.cluster.highlight.1,cascade_sequence,cluster_highlight,placeholder://v0_3/scene.base.grid.cluster.highlight.1,placeholder,placeholder,pending_replacement,true,0.66x0.62,win_highlights,100,Stable cluster highlight object for v0.3 cascade win groups. Client renderer-only v0.3 state; final asset replacement required.
scene.base.grid.cluster.highlight.2,cascade_sequence,cluster_highlight,placeholder://v0_3/scene.base.grid.cluster.highlight.2,placeholder,placeholder,pending_replacement,true,0.66x0.62,win_highlights,100,Stable cluster highlight object for v0.3 cascade win groups. Client renderer-only v0.3 state; final asset replacement required.
scene.base.grid.cluster.highlight.3,cascade_sequence,cluster_highlight,placeholder://v0_3/scene.base.grid.cluster.highlight.3,placeholder,placeholder,pending_replacement,true,0.66x0.62,win_highlights,100,Stable cluster highlight object for v0.3 cascade win groups. Client renderer-only v0.3 state; final asset replacement required.
scene.base.grid.cluster.highlight.4,cascade_sequence,cluster_highlight,placeholder://v0_3/scene.base.grid.cluster.highlight.4,placeholder,placeholder,pending_replacement,true,0.66x0.62,win_highlights,100,Stable cluster highlight object for v0.3 cascade win groups. Client renderer-only v0.3 state; final asset replacement required.
scene.base.grid.cluster.highlight.5,cascade_sequence,cluster_highlight,placeholder://v0_3/scene.base.grid.cluster.highlight.5,placeholder,placeholder,pending_replacement,true,0.66x0.62,win_highlights,100,Stable cluster highlight object for v0.3 cascade win groups. Client renderer-only v0.3 state; final asset replacement required.
scene.base.grid.cluster.highlight.6,cascade_sequence,cluster_highlight,placeholder://v0_3/scene.base.grid.cluster.highlight.6,placeholder,placeholder,pending_replacement,true,0.66x0.62,win_highlights,100,Stable cluster highlight object for v0.3 cascade win groups. Client renderer-only v0.3 state; final asset replacement required.
scene.base.cascade.step_counter,cascade_sequence,counter,placeholder://v0_3/scene.base.cascade.step_counter,placeholder,placeholder,pending_replacement,true,0.1x0.08,ui_overlays,105,Displays current cascade step index. Client renderer-only v0.3 state; final asset replacement required.
scene.base.total_cascade_win_display,cascade_sequence,counter,placeholder://v0_3/scene.base.total_cascade_win_display,placeholder,placeholder,pending_replacement,true,0.1x0.08,ui_overlays,106,Displays total cascade win for current round. Client renderer-only v0.3 state; final asset replacement required.
scene.base.rainbow.activation,rainbow_activation_scene,effect_anchor,placeholder://v0_3/scene.base.rainbow.activation,placeholder,placeholder,pending_replacement,true,0.1x0.08,rainbow_activation,120,Rainbow activation event anchor and effect state. Client renderer-only v0.3 state; final asset replacement required.
scene.base.coin_reveal.bronze,coin_reveal_scene,coin_reveal,placeholder://v0_3/scene.base.coin_reveal.bronze,placeholder,placeholder,pending_replacement,true,0.1x0.08,coin_reveals,130,Bronze coin reveal state. Client renderer-only v0.3 state; final asset replacement required.
scene.base.coin_reveal.silver,coin_reveal_scene,coin_reveal,placeholder://v0_3/scene.base.coin_reveal.silver,placeholder,placeholder,pending_replacement,true,0.1x0.08,coin_reveals,131,Silver coin reveal state. Client renderer-only v0.3 state; final asset replacement required.
scene.base.coin_reveal.gold,coin_reveal_scene,coin_reveal,placeholder://v0_3/scene.base.coin_reveal.gold,placeholder,placeholder,pending_replacement,true,0.1x0.08,coin_reveals,132,Gold coin reveal state. Client renderer-only v0.3 state; final asset replacement required.
scene.base.special_reveal.pot_of_gold,coin_reveal_scene,special_reveal,placeholder://v0_3/scene.base.special_reveal.pot_of_gold,placeholder,placeholder,pending_replacement,true,0.1x0.08,special_reveals,135,Pot-of-gold optional reveal candidate; evidence remains provisional. Client renderer-only v0.3 state; final asset replacement required.
scene.base.special_reveal.four_leaf_clover,coin_reveal_scene,special_reveal,placeholder://v0_3/scene.base.special_reveal.four_leaf_clover,placeholder,placeholder,pending_replacement,true,0.1x0.08,special_reveals,136,Four-leaf-clover optional reveal candidate; evidence remains provisional. Client renderer-only v0.3 state; final asset replacement required.
scene.feature.mode_1.panel,feature_mode_selection,panel,placeholder://v0_3/scene.feature.mode_1.panel,placeholder,placeholder,pending_replacement,true,0.1x0.08,feature_modes,210,Feature mode 1 selection/active panel. Client renderer-only v0.3 state; final asset replacement required.
scene.feature.mode_2.panel,feature_mode_selection,panel,placeholder://v0_3/scene.feature.mode_2.panel,placeholder,placeholder,pending_replacement,true,0.1x0.08,feature_modes,211,Feature mode 2 selection/active panel. Client renderer-only v0.3 state; final asset replacement required.
scene.feature.mode_3.panel,feature_mode_selection,panel,placeholder://v0_3/scene.feature.mode_3.panel,placeholder,placeholder,pending_replacement,true,0.1x0.08,feature_modes,212,Feature mode 3 selection/active panel. Client renderer-only v0.3 state; final asset replacement required.
scene.bonus_buy.mode_selection,bonus_buy_panel,panel,placeholder://v0_3/scene.bonus_buy.mode_selection,placeholder,placeholder,pending_replacement,true,0.1x0.08,bonus_buy,215,Bonus-buy mode selection/purchased feature state. Client renderer-only v0.3 state; final asset replacement required.
scene.max_win.cap_overlay,max_win_cap_scene,overlay,placeholder://v0_3/scene.max_win.cap_overlay,placeholder,placeholder,pending_replacement,true,0.1x0.08,max_win_cap,260,Max-win cap overlay and round stop signal. Client renderer-only v0.3 state; final asset replacement required.
scene.max_win.pre_cap_amount,max_win_cap_scene,counter,placeholder://v0_3/scene.max_win.pre_cap_amount,placeholder,placeholder,pending_replacement,true,0.1x0.08,max_win_cap,261,Pre-cap amount display. Client renderer-only v0.3 state; final asset replacement required.
scene.max_win.capped_amount,max_win_cap_scene,counter,placeholder://v0_3/scene.max_win.capped_amount,placeholder,placeholder,pending_replacement,true,0.1x0.08,max_win_cap,262,Capped win amount display. Client renderer-only v0.3 state; final asset replacement required.
scene.win_tier.big,big_win_scene,effect_anchor,placeholder://v0_3/scene.win_tier.big,placeholder,placeholder,pending_replacement,true,0.1x0.08,win_tiers,250,Big win tier effect anchor. Client renderer-only v0.3 state; final asset replacement required.
scene.win_tier.huge,big_win_scene,effect_anchor,placeholder://v0_3/scene.win_tier.huge,placeholder,placeholder,pending_replacement,true,0.1x0.08,win_tiers,251,Huge win tier effect anchor. Client renderer-only v0.3 state; final asset replacement required.
scene.win_tier.mega,big_win_scene,effect_anchor,placeholder://v0_3/scene.win_tier.mega,placeholder,placeholder,pending_replacement,true,0.1x0.08,win_tiers,252,Mega win tier effect anchor. Client renderer-only v0.3 state; final asset replacement required.
scene.round_completion.ready,round_completion_state,state_marker,placeholder://v0_3/scene.round_completion.ready,placeholder,placeholder,pending_replacement,true,0.1x0.08,round_state,300,Round completion ready state marker. Client renderer-only v0.3 state; final asset replacement required.
scene.reconnect.restore_state,state_recovery_reconnect_scene,state_marker,placeholder://v0_3/scene.reconnect.restore_state,placeholder,placeholder,pending_replacement,true,0.1x0.08,reconnect,305,Reconnect/restore persisted runtime state marker. Client renderer-only v0.3 state; final asset replacement required.
scene.developer.runtime_result_owner_marker,round_completion_state,developer_marker,placeholder://v0_3/scene.developer.runtime_result_owner_marker,placeholder,placeholder,pending_replacement,true,0.1x0.08,developer_notes,10,Developer-only marker: current GS result owner is unproven. Client renderer-only v0.3 state; final asset replacement required.
scene.developer.registration_metadata_boundary,round_completion_state,developer_marker,placeholder://v0_3/scene.developer.registration_metadata_boundary,placeholder,placeholder,pending_replacement,true,0.1x0.08,developer_notes,11,Developer-only marker: registration metadata is not result animation schema. Client renderer-only v0.3 state; final asset replacement required.
